<repo>/paper_repro/compat/trl/trainer/ppo_trainer.py:266: UserWarning: No dataset is provided. Make sure to set config.batch_size to the correct value before training.
  warnings.warn(
You're using a GPTNeoXTokenizerFast tokenizer. Please note that with a fast tokenizer, using the `__call__` method is faster than using a method to encode the text followed by a call to the `pad` method to get a padded encoding.
PPO_STEP 1/250 reward=1.708381 kl=0.000000 best=1.708381
PPO_STEP 2/250 reward=1.799289 kl=-0.912237 best=1.799289
<repo>/paper_repro/compat/trl/trainer/ppo_trainer.py:1304: UserWarning: KL divergence is starting to become negative: -1.33 - this might be a precursor for failed training. sometimes this happens because the generation kwargs are not correctly set. Please make sure that the generation kwargs are set correctly, or review your training hyperparameters.
  warnings.warn(
PPO_STEP 3/250 reward=1.837311 kl=-1.325362 best=1.837311
<repo>/paper_repro/compat/trl/trainer/ppo_trainer.py:1304: UserWarning: KL divergence is starting to become negative: -1.77 - this might be a precursor for failed training. sometimes this happens because the generation kwargs are not correctly set. Please make sure that the generation kwargs are set correctly, or review your training hyperparameters.
  warnings.warn(
PPO_STEP 4/250 reward=1.416809 kl=-1.770751 best=1.837311
<repo>/paper_repro/compat/trl/trainer/ppo_trainer.py:1304: UserWarning: KL divergence is starting to become negative: -2.81 - this might be a precursor for failed training. sometimes this happens because the generation kwargs are not correctly set. Please make sure that the generation kwargs are set correctly, or review your training hyperparameters.
  warnings.warn(
PPO_STEP 5/250 reward=1.551785 kl=-2.810038 best=1.837311
<repo>/paper_repro/compat/trl/trainer/ppo_trainer.py:1304: UserWarning: KL divergence is starting to become negative: -2.92 - this might be a precursor for failed training. sometimes this happens because the generation kwargs are not correctly set. Please make sure that the generation kwargs are set correctly, or review your training hyperparameters.
  warnings.warn(
PPO_STEP 6/250 reward=1.729011 kl=-2.921988 best=1.837311
<repo>/paper_repro/compat/trl/trainer/ppo_trainer.py:1304: UserWarning: KL divergence is starting to become negative: -2.94 - this might be a precursor for failed training. sometimes this happens because the generation kwargs are not correctly set. Please make sure that the generation kwargs are set correctly, or review your training hyperparameters.
  warnings.warn(
PPO_STEP 7/250 reward=1.225239 kl=-2.937614 best=1.837311
<repo>/paper_repro/compat/trl/trainer/ppo_trainer.py:1304: UserWarning: KL divergence is starting to become negative: -5.83 - this might be a precursor for failed training. sometimes this happens because the generation kwargs are not correctly set. Please make sure that the generation kwargs are set correctly, or review your training hyperparameters.
  warnings.warn(
PPO_STEP 8/250 reward=1.853446 kl=-5.834916 best=1.853446
<repo>/paper_repro/compat/trl/trainer/ppo_trainer.py:1304: UserWarning: KL divergence is starting to become negative: -5.11 - this might be a precursor for failed training. sometimes this happens because the generation kwargs are not correctly set. Please make sure that the generation kwargs are set correctly, or review your training hyperparameters.
  warnings.warn(
PPO_STEP 9/250 reward=1.574534 kl=-5.106030 best=1.853446
<repo>/paper_repro/compat/trl/trainer/ppo_trainer.py:1304: UserWarning: KL divergence is starting to become negative: -4.84 - this might be a precursor for failed training. sometimes this happens because the generation kwargs are not correctly set. Please make sure that the generation kwargs are set correctly, or review your training hyperparameters.
  warnings.warn(
PPO_STEP 10/250 reward=1.918474 kl=-4.837798 best=1.918474
<repo>/paper_repro/compat/trl/trainer/ppo_trainer.py:1237: UserWarning: The average ratio of batch (30.77) exceeds threshold 5.00. Skipping batch.
  warnings.warn(
<repo>/paper_repro/compat/trl/trainer/ppo_trainer.py:1304: UserWarning: KL divergence is starting to become negative: -6.58 - this might be a precursor for failed training. sometimes this happens because the generation kwargs are not correctly set. Please make sure that the generation kwargs are set correctly, or review your training hyperparameters.
  warnings.warn(
PPO_STEP 11/250 reward=2.210439 kl=-6.584387 best=2.210439
<repo>/paper_repro/compat/trl/trainer/ppo_trainer.py:1304: UserWarning: KL divergence is starting to become negative: -4.95 - this might be a precursor for failed training. sometimes this happens because the generation kwargs are not correctly set. Please make sure that the generation kwargs are set correctly, or review your training hyperparameters.
  warnings.warn(
PPO_STEP 12/250 reward=1.584121 kl=-4.946991 best=2.210439
<repo>/paper_repro/compat/trl/trainer/ppo_trainer.py:1304: UserWarning: KL divergence is starting to become negative: -3.84 - this might be a precursor for failed training. sometimes this happens because the generation kwargs are not correctly set. Please make sure that the generation kwargs are set correctly, or review your training hyperparameters.
  warnings.warn(
PPO_STEP 13/250 reward=2.120885 kl=-3.844248 best=2.210439
PPO_STEP 14/250 reward=1.593680 kl=-5.831182 best=2.210439
<repo>/paper_repro/compat/trl/trainer/ppo_trainer.py:1304: UserWarning: KL divergence is starting to become negative: -6.68 - this might be a precursor for failed training. sometimes this happens because the generation kwargs are not correctly set. Please make sure that the generation kwargs are set correctly, or review your training hyperparameters.
  warnings.warn(
PPO_STEP 15/250 reward=1.438427 kl=-6.677158 best=2.210439
<repo>/paper_repro/compat/trl/trainer/ppo_trainer.py:1237: UserWarning: The average ratio of batch (15766573285376.00) exceeds threshold 5.00. Skipping batch.
  warnings.warn(
<repo>/paper_repro/compat/trl/trainer/ppo_trainer.py:1304: UserWarning: KL divergence is starting to become negative: -6.84 - this might be a precursor for failed training. sometimes this happens because the generation kwargs are not correctly set. Please make sure that the generation kwargs are set correctly, or review your training hyperparameters.
  warnings.warn(
PPO_STEP 16/250 reward=1.506481 kl=-6.838674 best=2.210439
<repo>/paper_repro/compat/trl/trainer/ppo_trainer.py:1304: UserWarning: KL divergence is starting to become negative: -4.03 - this might be a precursor for failed training. sometimes this happens because the generation kwargs are not correctly set. Please make sure that the generation kwargs are set correctly, or review your training hyperparameters.
  warnings.warn(
PPO_STEP 17/250 reward=1.630023 kl=-4.033133 best=2.210439
<repo>/paper_repro/compat/trl/trainer/ppo_trainer.py:1304: UserWarning: KL divergence is starting to become negative: -4.64 - this might be a precursor for failed training. sometimes this happens because the generation kwargs are not correctly set. Please make sure that the generation kwargs are set correctly, or review your training hyperparameters.
  warnings.warn(
PPO_STEP 18/250 reward=1.387434 kl=-4.641598 best=2.210439
<repo>/paper_repro/compat/trl/trainer/ppo_trainer.py:1304: UserWarning: KL divergence is starting to become negative: -5.68 - this might be a precursor for failed training. sometimes this happens because the generation kwargs are not correctly set. Please make sure that the generation kwargs are set correctly, or review your training hyperparameters.
  warnings.warn(
PPO_STEP 19/250 reward=1.649109 kl=-5.678544 best=2.210439
<repo>/paper_repro/compat/trl/trainer/ppo_trainer.py:1237: UserWarning: The average ratio of batch (1008190221189120.00) exceeds threshold 5.00. Skipping batch.
  warnings.warn(
<repo>/paper_repro/compat/trl/trainer/ppo_trainer.py:1304: UserWarning: KL divergence is starting to become negative: -6.83 - this might be a precursor for failed training. sometimes this happens because the generation kwargs are not correctly set. Please make sure that the generation kwargs are set correctly, or review your training hyperparameters.
  warnings.warn(
PPO_STEP 20/250 reward=1.427474 kl=-6.827131 best=2.210439
<repo>/paper_repro/compat/trl/trainer/ppo_trainer.py:1237: UserWarning: The average ratio of batch (14.95) exceeds threshold 5.00. Skipping batch.
  warnings.warn(
<repo>/paper_repro/compat/trl/trainer/ppo_trainer.py:1304: UserWarning: KL divergence is starting to become negative: -4.19 - this might be a precursor for failed training. sometimes this happens because the generation kwargs are not correctly set. Please make sure that the generation kwargs are set correctly, or review your training hyperparameters.
  warnings.warn(
PPO_STEP 21/250 reward=1.738121 kl=-4.194522 best=2.210439
<repo>/paper_repro/compat/trl/trainer/ppo_trainer.py:1237: UserWarning: The average ratio of batch (7.90) exceeds threshold 5.00. Skipping batch.
  warnings.warn(
<repo>/paper_repro/compat/trl/trainer/ppo_trainer.py:1237: UserWarning: The average ratio of batch (24.79) exceeds threshold 5.00. Skipping batch.
  warnings.warn(
<repo>/paper_repro/compat/trl/trainer/ppo_trainer.py:1237: UserWarning: The average ratio of batch (16.26) exceeds threshold 5.00. Skipping batch.
  warnings.warn(
<repo>/paper_repro/compat/trl/trainer/ppo_trainer.py:1304: UserWarning: KL divergence is starting to become negative: -4.83 - this might be a precursor for failed training. sometimes this happens because the generation kwargs are not correctly set. Please make sure that the generation kwargs are set correctly, or review your training hyperparameters.
  warnings.warn(
PPO_STEP 22/250 reward=1.092197 kl=-4.828651 best=2.210439
<repo>/paper_repro/compat/trl/trainer/ppo_trainer.py:1237: UserWarning: The average ratio of batch (44.04) exceeds threshold 5.00. Skipping batch.
  warnings.warn(
<repo>/paper_repro/compat/trl/trainer/ppo_trainer.py:1237: UserWarning: The average ratio of batch (39090164.00) exceeds threshold 5.00. Skipping batch.
  warnings.warn(
<repo>/paper_repro/compat/trl/trainer/ppo_trainer.py:1304: UserWarning: KL divergence is starting to become negative: -3.74 - this might be a precursor for failed training. sometimes this happens because the generation kwargs are not correctly set. Please make sure that the generation kwargs are set correctly, or review your training hyperparameters.
  warnings.warn(
PPO_STEP 23/250 reward=1.887215 kl=-3.744191 best=2.210439
<repo>/paper_repro/compat/trl/trainer/ppo_trainer.py:1304: UserWarning: KL divergence is starting to become negative: -4.78 - this might be a precursor for failed training. sometimes this happens because the generation kwargs are not correctly set. Please make sure that the generation kwargs are set correctly, or review your training hyperparameters.
  warnings.warn(
PPO_STEP 24/250 reward=0.824262 kl=-4.777975 best=2.210439
<repo>/paper_repro/compat/trl/trainer/ppo_trainer.py:1237: UserWarning: The average ratio of batch (8.58) exceeds threshold 5.00. Skipping batch.
  warnings.warn(
<repo>/paper_repro/compat/trl/trainer/ppo_trainer.py:1304: UserWarning: KL divergence is starting to become negative: -3.02 - this might be a precursor for failed training. sometimes this happens because the generation kwargs are not correctly set. Please make sure that the generation kwargs are set correctly, or review your training hyperparameters.
  warnings.warn(
PPO_STEP 25/250 reward=2.029112 kl=-3.019875 best=2.210439
<repo>/paper_repro/compat/trl/trainer/ppo_trainer.py:1304: UserWarning: KL divergence is starting to become negative: -2.35 - this might be a precursor for failed training. sometimes this happens because the generation kwargs are not correctly set. Please make sure that the generation kwargs are set correctly, or review your training hyperparameters.
  warnings.warn(
PPO_STEP 26/250 reward=2.134288 kl=-2.349190 best=2.210439
<repo>/paper_repro/compat/trl/trainer/ppo_trainer.py:1237: UserWarning: The average ratio of batch (8.81) exceeds threshold 5.00. Skipping batch.
  warnings.warn(
<repo>/paper_repro/compat/trl/trainer/ppo_trainer.py:1304: UserWarning: KL divergence is starting to become negative: -3.62 - this might be a precursor for failed training. sometimes this happens because the generation kwargs are not correctly set. Please make sure that the generation kwargs are set correctly, or review your training hyperparameters.
  warnings.warn(
PPO_STEP 27/250 reward=2.116698 kl=-3.620160 best=2.210439
<repo>/paper_repro/compat/trl/trainer/ppo_trainer.py:1304: UserWarning: KL divergence is starting to become negative: -3.30 - this might be a precursor for failed training. sometimes this happens because the generation kwargs are not correctly set. Please make sure that the generation kwargs are set correctly, or review your training hyperparameters.
  warnings.warn(
PPO_STEP 28/250 reward=1.306628 kl=-3.304462 best=2.210439
<repo>/paper_repro/compat/trl/trainer/ppo_trainer.py:1304: UserWarning: KL divergence is starting to become negative: -3.19 - this might be a precursor for failed training. sometimes this happens because the generation kwargs are not correctly set. Please make sure that the generation kwargs are set correctly, or review your training hyperparameters.
  warnings.warn(
PPO_STEP 29/250 reward=1.888749 kl=-3.193243 best=2.210439
<repo>/paper_repro/compat/trl/trainer/ppo_trainer.py:1304: UserWarning: KL divergence is starting to become negative: -3.35 - this might be a precursor for failed training. sometimes this happens because the generation kwargs are not correctly set. Please make sure that the generation kwargs are set correctly, or review your training hyperparameters.
  warnings.warn(
PPO_STEP 30/250 reward=1.068588 kl=-3.347291 best=2.210439
<repo>/paper_repro/compat/trl/trainer/ppo_trainer.py:1237: UserWarning: The average ratio of batch (39.18) exceeds threshold 5.00. Skipping batch.
  warnings.warn(
<repo>/paper_repro/compat/trl/trainer/ppo_trainer.py:1237: UserWarning: The average ratio of batch (117121.87) exceeds threshold 5.00. Skipping batch.
  warnings.warn(
<repo>/paper_repro/compat/trl/trainer/ppo_trainer.py:1237: UserWarning: The average ratio of batch (74.23) exceeds threshold 5.00. Skipping batch.
  warnings.warn(
<repo>/paper_repro/compat/trl/trainer/ppo_trainer.py:1237: UserWarning: The average ratio of batch (516.20) exceeds threshold 5.00. Skipping batch.
  warnings.warn(
<repo>/paper_repro/compat/trl/trainer/ppo_trainer.py:1304: UserWarning: KL divergence is starting to become negative: -7.02 - this might be a precursor for failed training. sometimes this happens because the generation kwargs are not correctly set. Please make sure that the generation kwargs are set correctly, or review your training hyperparameters.
  warnings.warn(
PPO_STEP 31/250 reward=1.365321 kl=-7.018766 best=2.210439
<repo>/paper_repro/compat/trl/trainer/ppo_trainer.py:1237: UserWarning: The average ratio of batch (29.08) exceeds threshold 5.00. Skipping batch.
  warnings.warn(
<repo>/paper_repro/compat/trl/trainer/ppo_trainer.py:1237: UserWarning: The average ratio of batch (158.15) exceeds threshold 5.00. Skipping batch.
  warnings.warn(
<repo>/paper_repro/compat/trl/trainer/ppo_trainer.py:1304: UserWarning: KL divergence is starting to become negative: -5.59 - this might be a precursor for failed training. sometimes this happens because the generation kwargs are not correctly set. Please make sure that the generation kwargs are set correctly, or review your training hyperparameters.
  warnings.warn(
PPO_STEP 32/250 reward=1.658429 kl=-5.588346 best=2.210439
<repo>/paper_repro/compat/trl/trainer/ppo_trainer.py:1237: UserWarning: The average ratio of batch (65.60) exceeds threshold 5.00. Skipping batch.
  warnings.warn(
<repo>/paper_repro/compat/trl/trainer/ppo_trainer.py:1237: UserWarning: The average ratio of batch (40.64) exceeds threshold 5.00. Skipping batch.
  warnings.warn(
<repo>/paper_repro/compat/trl/trainer/ppo_trainer.py:1304: UserWarning: KL divergence is starting to become negative: -3.96 - this might be a precursor for failed training. sometimes this happens because the generation kwargs are not correctly set. Please make sure that the generation kwargs are set correctly, or review your training hyperparameters.
  warnings.warn(
PPO_STEP 33/250 reward=1.882721 kl=-3.955719 best=2.210439
<repo>/paper_repro/compat/trl/trainer/ppo_trainer.py:1237: UserWarning: The average ratio of batch (316.96) exceeds threshold 5.00. Skipping batch.
  warnings.warn(
<repo>/paper_repro/compat/trl/trainer/ppo_trainer.py:1304: UserWarning: KL divergence is starting to become negative: -3.22 - this might be a precursor for failed training. sometimes this happens because the generation kwargs are not correctly set. Please make sure that the generation kwargs are set correctly, or review your training hyperparameters.
  warnings.warn(
PPO_STEP 34/250 reward=1.818783 kl=-3.219168 best=2.210439
PPO_STEP 35/250 reward=1.550051 kl=-0.472981 best=2.210439
<repo>/paper_repro/compat/trl/trainer/ppo_trainer.py:1304: UserWarning: KL divergence is starting to become negative: -1.75 - this might be a precursor for failed training. sometimes this happens because the generation kwargs are not correctly set. Please make sure that the generation kwargs are set correctly, or review your training hyperparameters.
  warnings.warn(
PPO_STEP 36/250 reward=2.122459 kl=-1.745583 best=2.210439
<repo>/paper_repro/compat/trl/trainer/ppo_trainer.py:1304: UserWarning: KL divergence is starting to become negative: -5.77 - this might be a precursor for failed training. sometimes this happens because the generation kwargs are not correctly set. Please make sure that the generation kwargs are set correctly, or review your training hyperparameters.
  warnings.warn(
PPO_STEP 37/250 reward=1.167917 kl=-5.774369 best=2.210439
<repo>/paper_repro/compat/trl/trainer/ppo_trainer.py:1304: UserWarning: KL divergence is starting to become negative: -1.11 - this might be a precursor for failed training. sometimes this happens because the generation kwargs are not correctly set. Please make sure that the generation kwargs are set correctly, or review your training hyperparameters.
  warnings.warn(
PPO_STEP 38/250 reward=2.069050 kl=-1.111207 best=2.210439
<repo>/paper_repro/compat/trl/trainer/ppo_trainer.py:1237: UserWarning: The average ratio of batch (35193152871597058776356618240.00) exceeds threshold 5.00. Skipping batch.
  warnings.warn(
<repo>/paper_repro/compat/trl/trainer/ppo_trainer.py:1304: UserWarning: KL divergence is starting to become negative: -4.28 - this might be a precursor for failed training. sometimes this happens because the generation kwargs are not correctly set. Please make sure that the generation kwargs are set correctly, or review your training hyperparameters.
  warnings.warn(
PPO_STEP 39/250 reward=1.412795 kl=-4.284151 best=2.210439
<repo>/paper_repro/compat/trl/trainer/ppo_trainer.py:1304: UserWarning: KL divergence is starting to become negative: -1.09 - this might be a precursor for failed training. sometimes this happens because the generation kwargs are not correctly set. Please make sure that the generation kwargs are set correctly, or review your training hyperparameters.
  warnings.warn(
PPO_STEP 40/250 reward=1.717399 kl=-1.087265 best=2.210439
<repo>/paper_repro/compat/trl/trainer/ppo_trainer.py:1304: UserWarning: KL divergence is starting to become negative: -2.41 - this might be a precursor for failed training. sometimes this happens because the generation kwargs are not correctly set. Please make sure that the generation kwargs are set correctly, or review your training hyperparameters.
  warnings.warn(
PPO_STEP 41/250 reward=2.458935 kl=-2.410901 best=2.458935
<repo>/paper_repro/compat/trl/trainer/ppo_trainer.py:1304: UserWarning: KL divergence is starting to become negative: -2.78 - this might be a precursor for failed training. sometimes this happens because the generation kwargs are not correctly set. Please make sure that the generation kwargs are set correctly, or review your training hyperparameters.
  warnings.warn(
PPO_STEP 42/250 reward=1.384092 kl=-2.777178 best=2.458935
<repo>/paper_repro/compat/trl/trainer/ppo_trainer.py:1237: UserWarning: The average ratio of batch (231.80) exceeds threshold 5.00. Skipping batch.
  warnings.warn(
<repo>/paper_repro/compat/trl/trainer/ppo_trainer.py:1304: UserWarning: KL divergence is starting to become negative: -3.21 - this might be a precursor for failed training. sometimes this happens because the generation kwargs are not correctly set. Please make sure that the generation kwargs are set correctly, or review your training hyperparameters.
  warnings.warn(
PPO_STEP 43/250 reward=1.853006 kl=-3.208170 best=2.458935
<repo>/paper_repro/compat/trl/trainer/ppo_trainer.py:1304: UserWarning: KL divergence is starting to become negative: -4.34 - this might be a precursor for failed training. sometimes this happens because the generation kwargs are not correctly set. Please make sure that the generation kwargs are set correctly, or review your training hyperparameters.
  warnings.warn(
PPO_STEP 44/250 reward=1.890855 kl=-4.339206 best=2.458935
<repo>/paper_repro/compat/trl/trainer/ppo_trainer.py:1304: UserWarning: KL divergence is starting to become negative: -2.08 - this might be a precursor for failed training. sometimes this happens because the generation kwargs are not correctly set. Please make sure that the generation kwargs are set correctly, or review your training hyperparameters.
  warnings.warn(
PPO_STEP 45/250 reward=1.815486 kl=-2.078696 best=2.458935
<repo>/paper_repro/compat/trl/trainer/ppo_trainer.py:1237: UserWarning: The average ratio of batch (2218040565432320.00) exceeds threshold 5.00. Skipping batch.
  warnings.warn(
<repo>/paper_repro/compat/trl/trainer/ppo_trainer.py:1304: UserWarning: KL divergence is starting to become negative: -6.31 - this might be a precursor for failed training. sometimes this happens because the generation kwargs are not correctly set. Please make sure that the generation kwargs are set correctly, or review your training hyperparameters.
  warnings.warn(
PPO_STEP 46/250 reward=2.245570 kl=-6.313850 best=2.458935
<repo>/paper_repro/compat/trl/trainer/ppo_trainer.py:1237: UserWarning: The average ratio of batch (6.11) exceeds threshold 5.00. Skipping batch.
  warnings.warn(
<repo>/paper_repro/compat/trl/trainer/ppo_trainer.py:1237: UserWarning: The average ratio of batch (49.35) exceeds threshold 5.00. Skipping batch.
  warnings.warn(
<repo>/paper_repro/compat/trl/trainer/ppo_trainer.py:1304: UserWarning: KL divergence is starting to become negative: -4.46 - this might be a precursor for failed training. sometimes this happens because the generation kwargs are not correctly set. Please make sure that the generation kwargs are set correctly, or review your training hyperparameters.
  warnings.warn(
PPO_STEP 47/250 reward=1.921260 kl=-4.461067 best=2.458935
<repo>/paper_repro/compat/trl/trainer/ppo_trainer.py:1304: UserWarning: KL divergence is starting to become negative: -3.64 - this might be a precursor for failed training. sometimes this happens because the generation kwargs are not correctly set. Please make sure that the generation kwargs are set correctly, or review your training hyperparameters.
  warnings.warn(
PPO_STEP 48/250 reward=1.928235 kl=-3.635344 best=2.458935
<repo>/paper_repro/compat/trl/trainer/ppo_trainer.py:1304: UserWarning: KL divergence is starting to become negative: -1.32 - this might be a precursor for failed training. sometimes this happens because the generation kwargs are not correctly set. Please make sure that the generation kwargs are set correctly, or review your training hyperparameters.
  warnings.warn(
PPO_STEP 49/250 reward=1.798124 kl=-1.317576 best=2.458935
<repo>/paper_repro/compat/trl/trainer/ppo_trainer.py:1304: UserWarning: KL divergence is starting to become negative: -2.90 - this might be a precursor for failed training. sometimes this happens because the generation kwargs are not correctly set. Please make sure that the generation kwargs are set correctly, or review your training hyperparameters.
  warnings.warn(
PPO_STEP 50/250 reward=1.360302 kl=-2.901132 best=2.458935
<repo>/paper_repro/compat/trl/trainer/ppo_trainer.py:1237: UserWarning: The average ratio of batch (2309.41) exceeds threshold 5.00. Skipping batch.
  warnings.warn(
<repo>/paper_repro/compat/trl/trainer/ppo_trainer.py:1237: UserWarning: The average ratio of batch (3996.40) exceeds threshold 5.00. Skipping batch.
  warnings.warn(
<repo>/paper_repro/compat/trl/trainer/ppo_trainer.py:1304: UserWarning: KL divergence is starting to become negative: -4.88 - this might be a precursor for failed training. sometimes this happens because the generation kwargs are not correctly set. Please make sure that the generation kwargs are set correctly, or review your training hyperparameters.
  warnings.warn(
PPO_STEP 51/250 reward=1.093174 kl=-4.881935 best=2.458935
<repo>/paper_repro/compat/trl/trainer/ppo_trainer.py:1304: UserWarning: KL divergence is starting to become negative: -3.47 - this might be a precursor for failed training. sometimes this happens because the generation kwargs are not correctly set. Please make sure that the generation kwargs are set correctly, or review your training hyperparameters.
  warnings.warn(
PPO_STEP 52/250 reward=1.554764 kl=-3.466621 best=2.458935
<repo>/paper_repro/compat/trl/trainer/ppo_trainer.py:1237: UserWarning: The average ratio of batch (16858.28) exceeds threshold 5.00. Skipping batch.
  warnings.warn(
<repo>/paper_repro/compat/trl/trainer/ppo_trainer.py:1237: UserWarning: The average ratio of batch (287.24) exceeds threshold 5.00. Skipping batch.
  warnings.warn(
PPO_STEP 53/250 reward=2.178994 kl=-3.207620 best=2.458935
<repo>/paper_repro/compat/trl/trainer/ppo_trainer.py:1237: UserWarning: The average ratio of batch (42.48) exceeds threshold 5.00. Skipping batch.
  warnings.warn(
<repo>/paper_repro/compat/trl/trainer/ppo_trainer.py:1304: UserWarning: KL divergence is starting to become negative: -4.93 - this might be a precursor for failed training. sometimes this happens because the generation kwargs are not correctly set. Please make sure that the generation kwargs are set correctly, or review your training hyperparameters.
  warnings.warn(
PPO_STEP 54/250 reward=1.103119 kl=-4.930188 best=2.458935
<repo>/paper_repro/compat/trl/trainer/ppo_trainer.py:1304: UserWarning: KL divergence is starting to become negative: -1.91 - this might be a precursor for failed training. sometimes this happens because the generation kwargs are not correctly set. Please make sure that the generation kwargs are set correctly, or review your training hyperparameters.
  warnings.warn(
PPO_STEP 55/250 reward=1.998774 kl=-1.913974 best=2.458935
<repo>/paper_repro/compat/trl/trainer/ppo_trainer.py:1304: UserWarning: KL divergence is starting to become negative: -2.15 - this might be a precursor for failed training. sometimes this happens because the generation kwargs are not correctly set. Please make sure that the generation kwargs are set correctly, or review your training hyperparameters.
  warnings.warn(
PPO_STEP 56/250 reward=1.608507 kl=-2.148035 best=2.458935
<repo>/paper_repro/compat/trl/trainer/ppo_trainer.py:1304: UserWarning: KL divergence is starting to become negative: -4.98 - this might be a precursor for failed training. sometimes this happens because the generation kwargs are not correctly set. Please make sure that the generation kwargs are set correctly, or review your training hyperparameters.
  warnings.warn(
PPO_STEP 57/250 reward=2.165999 kl=-4.978014 best=2.458935
<repo>/paper_repro/compat/trl/trainer/ppo_trainer.py:1237: UserWarning: The average ratio of batch (36.04) exceeds threshold 5.00. Skipping batch.
  warnings.warn(
<repo>/paper_repro/compat/trl/trainer/ppo_trainer.py:1304: UserWarning: KL divergence is starting to become negative: -4.82 - this might be a precursor for failed training. sometimes this happens because the generation kwargs are not correctly set. Please make sure that the generation kwargs are set correctly, or review your training hyperparameters.
  warnings.warn(
PPO_STEP 58/250 reward=1.894715 kl=-4.817623 best=2.458935
<repo>/paper_repro/compat/trl/trainer/ppo_trainer.py:1237: UserWarning: The average ratio of batch (24813385023488.00) exceeds threshold 5.00. Skipping batch.
  warnings.warn(
<repo>/paper_repro/compat/trl/trainer/ppo_trainer.py:1304: UserWarning: KL divergence is starting to become negative: -1.98 - this might be a precursor for failed training. sometimes this happens because the generation kwargs are not correctly set. Please make sure that the generation kwargs are set correctly, or review your training hyperparameters.
  warnings.warn(
PPO_STEP 59/250 reward=1.836611 kl=-1.979565 best=2.458935
<repo>/paper_repro/compat/trl/trainer/ppo_trainer.py:1304: UserWarning: KL divergence is starting to become negative: -3.73 - this might be a precursor for failed training. sometimes this happens because the generation kwargs are not correctly set. Please make sure that the generation kwargs are set correctly, or review your training hyperparameters.
  warnings.warn(
PPO_STEP 60/250 reward=1.170810 kl=-3.734891 best=2.458935
<repo>/paper_repro/compat/trl/trainer/ppo_trainer.py:1237: UserWarning: The average ratio of batch (3657.55) exceeds threshold 5.00. Skipping batch.
  warnings.warn(
<repo>/paper_repro/compat/trl/trainer/ppo_trainer.py:1304: UserWarning: KL divergence is starting to become negative: -3.65 - this might be a precursor for failed training. sometimes this happens because the generation kwargs are not correctly set. Please make sure that the generation kwargs are set correctly, or review your training hyperparameters.
  warnings.warn(
PPO_STEP 61/250 reward=1.697009 kl=-3.654074 best=2.458935
<repo>/paper_repro/compat/trl/trainer/ppo_trainer.py:1237: UserWarning: The average ratio of batch (502.73) exceeds threshold 5.00. Skipping batch.
  warnings.warn(
<repo>/paper_repro/compat/trl/trainer/ppo_trainer.py:1304: UserWarning: KL divergence is starting to become negative: -6.46 - this might be a precursor for failed training. sometimes this happens because the generation kwargs are not correctly set. Please make sure that the generation kwargs are set correctly, or review your training hyperparameters.
  warnings.warn(
PPO_STEP 62/250 reward=2.174953 kl=-6.455030 best=2.458935
<repo>/paper_repro/compat/trl/trainer/ppo_trainer.py:1304: UserWarning: KL divergence is starting to become negative: -1.51 - this might be a precursor for failed training. sometimes this happens because the generation kwargs are not correctly set. Please make sure that the generation kwargs are set correctly, or review your training hyperparameters.
  warnings.warn(
PPO_STEP 63/250 reward=1.271425 kl=-1.510081 best=2.458935
<repo>/paper_repro/compat/trl/trainer/ppo_trainer.py:1304: UserWarning: KL divergence is starting to become negative: -2.47 - this might be a precursor for failed training. sometimes this happens because the generation kwargs are not correctly set. Please make sure that the generation kwargs are set correctly, or review your training hyperparameters.
  warnings.warn(
PPO_STEP 64/250 reward=1.389149 kl=-2.465489 best=2.458935
<repo>/paper_repro/compat/trl/trainer/ppo_trainer.py:1237: UserWarning: The average ratio of batch (14.59) exceeds threshold 5.00. Skipping batch.
  warnings.warn(
<repo>/paper_repro/compat/trl/trainer/ppo_trainer.py:1237: UserWarning: The average ratio of batch (82.10) exceeds threshold 5.00. Skipping batch.
  warnings.warn(
<repo>/paper_repro/compat/trl/trainer/ppo_trainer.py:1304: UserWarning: KL divergence is starting to become negative: -1.81 - this might be a precursor for failed training. sometimes this happens because the generation kwargs are not correctly set. Please make sure that the generation kwargs are set correctly, or review your training hyperparameters.
  warnings.warn(
PPO_STEP 65/250 reward=1.465144 kl=-1.810714 best=2.458935
<repo>/paper_repro/compat/trl/trainer/ppo_trainer.py:1304: UserWarning: KL divergence is starting to become negative: -2.64 - this might be a precursor for failed training. sometimes this happens because the generation kwargs are not correctly set. Please make sure that the generation kwargs are set correctly, or review your training hyperparameters.
  warnings.warn(
PPO_STEP 66/250 reward=1.910187 kl=-2.636433 best=2.458935
<repo>/paper_repro/compat/trl/trainer/ppo_trainer.py:1304: UserWarning: KL divergence is starting to become negative: -1.86 - this might be a precursor for failed training. sometimes this happens because the generation kwargs are not correctly set. Please make sure that the generation kwargs are set correctly, or review your training hyperparameters.
  warnings.warn(
PPO_STEP 67/250 reward=1.803026 kl=-1.856785 best=2.458935
PPO_STEP 68/250 reward=1.195878 kl=-0.257491 best=2.458935
<repo>/paper_repro/compat/trl/trainer/ppo_trainer.py:1237: UserWarning: The average ratio of batch (20.20) exceeds threshold 5.00. Skipping batch.
  warnings.warn(
<repo>/paper_repro/compat/trl/trainer/ppo_trainer.py:1237: UserWarning: The average ratio of batch (7.35) exceeds threshold 5.00. Skipping batch.
  warnings.warn(
<repo>/paper_repro/compat/trl/trainer/ppo_trainer.py:1237: UserWarning: The average ratio of batch (39.84) exceeds threshold 5.00. Skipping batch.
  warnings.warn(
<repo>/paper_repro/compat/trl/trainer/ppo_trainer.py:1237: UserWarning: The average ratio of batch (6.06) exceeds threshold 5.00. Skipping batch.
  warnings.warn(
<repo>/paper_repro/compat/trl/trainer/ppo_trainer.py:1237: UserWarning: The average ratio of batch (8738.45) exceeds threshold 5.00. Skipping batch.
  warnings.warn(
PPO_STEP 69/250 reward=1.436253 kl=-0.900538 best=2.458935
<repo>/paper_repro/compat/trl/trainer/ppo_trainer.py:1304: UserWarning: KL divergence is starting to become negative: -2.39 - this might be a precursor for failed training. sometimes this happens because the generation kwargs are not correctly set. Please make sure that the generation kwargs are set correctly, or review your training hyperparameters.
  warnings.warn(
PPO_STEP 70/250 reward=1.635278 kl=-2.393148 best=2.458935
<repo>/paper_repro/compat/trl/trainer/ppo_trainer.py:1304: UserWarning: KL divergence is starting to become negative: -1.54 - this might be a precursor for failed training. sometimes this happens because the generation kwargs are not correctly set. Please make sure that the generation kwargs are set correctly, or review your training hyperparameters.
  warnings.warn(
PPO_STEP 71/250 reward=1.805278 kl=-1.541797 best=2.458935
<repo>/paper_repro/compat/trl/trainer/ppo_trainer.py:1304: UserWarning: KL divergence is starting to become negative: -4.38 - this might be a precursor for failed training. sometimes this happens because the generation kwargs are not correctly set. Please make sure that the generation kwargs are set correctly, or review your training hyperparameters.
  warnings.warn(
PPO_STEP 72/250 reward=1.326974 kl=-4.378871 best=2.458935
PPO_STEP 73/250 reward=1.166537 kl=-0.806936 best=2.458935
<repo>/paper_repro/compat/trl/trainer/ppo_trainer.py:1304: UserWarning: KL divergence is starting to become negative: -4.69 - this might be a precursor for failed training. sometimes this happens because the generation kwargs are not correctly set. Please make sure that the generation kwargs are set correctly, or review your training hyperparameters.
  warnings.warn(
PPO_STEP 74/250 reward=1.329620 kl=-4.691824 best=2.458935
<repo>/paper_repro/compat/trl/trainer/ppo_trainer.py:1304: UserWarning: KL divergence is starting to become negative: -5.53 - this might be a precursor for failed training. sometimes this happens because the generation kwargs are not correctly set. Please make sure that the generation kwargs are set correctly, or review your training hyperparameters.
  warnings.warn(
PPO_STEP 75/250 reward=1.676222 kl=-5.532814 best=2.458935
<repo>/paper_repro/compat/trl/trainer/ppo_trainer.py:1237: UserWarning: The average ratio of batch (314.06) exceeds threshold 5.00. Skipping batch.
  warnings.warn(
PPO_STEP 76/250 reward=1.145554 kl=-1.753245 best=2.458935
<repo>/paper_repro/compat/trl/trainer/ppo_trainer.py:1237: UserWarning: The average ratio of batch (7080935413514240.00) exceeds threshold 5.00. Skipping batch.
  warnings.warn(
<repo>/paper_repro/compat/trl/trainer/ppo_trainer.py:1304: UserWarning: KL divergence is starting to become negative: -7.78 - this might be a precursor for failed training. sometimes this happens because the generation kwargs are not correctly set. Please make sure that the generation kwargs are set correctly, or review your training hyperparameters.
  warnings.warn(
PPO_STEP 77/250 reward=1.119363 kl=-7.779627 best=2.458935
<repo>/paper_repro/compat/trl/trainer/ppo_trainer.py:1237: UserWarning: The average ratio of batch (15.91) exceeds threshold 5.00. Skipping batch.
  warnings.warn(
<repo>/paper_repro/compat/trl/trainer/ppo_trainer.py:1304: UserWarning: KL divergence is starting to become negative: -4.53 - this might be a precursor for failed training. sometimes this happens because the generation kwargs are not correctly set. Please make sure that the generation kwargs are set correctly, or review your training hyperparameters.
  warnings.warn(
PPO_STEP 78/250 reward=1.549726 kl=-4.533395 best=2.458935
<repo>/paper_repro/compat/trl/trainer/ppo_trainer.py:1237: UserWarning: The average ratio of batch (669063.12) exceeds threshold 5.00. Skipping batch.
  warnings.warn(
<repo>/paper_repro/compat/trl/trainer/ppo_trainer.py:1237: UserWarning: The average ratio of batch (14.93) exceeds threshold 5.00. Skipping batch.
  warnings.warn(
<repo>/paper_repro/compat/trl/trainer/ppo_trainer.py:1304: UserWarning: KL divergence is starting to become negative: -2.95 - this might be a precursor for failed training. sometimes this happens because the generation kwargs are not correctly set. Please make sure that the generation kwargs are set correctly, or review your training hyperparameters.
  warnings.warn(
PPO_STEP 79/250 reward=1.813032 kl=-2.953580 best=2.458935
<repo>/paper_repro/compat/trl/trainer/ppo_trainer.py:1237: UserWarning: The average ratio of batch (8.18) exceeds threshold 5.00. Skipping batch.
  warnings.warn(
<repo>/paper_repro/compat/trl/trainer/ppo_trainer.py:1237: UserWarning: The average ratio of batch (135673708544.00) exceeds threshold 5.00. Skipping batch.
  warnings.warn(
<repo>/paper_repro/compat/trl/trainer/ppo_trainer.py:1237: UserWarning: The average ratio of batch (5.02) exceeds threshold 5.00. Skipping batch.
  warnings.warn(
<repo>/paper_repro/compat/trl/trainer/ppo_trainer.py:1304: UserWarning: KL divergence is starting to become negative: -4.13 - this might be a precursor for failed training. sometimes this happens because the generation kwargs are not correctly set. Please make sure that the generation kwargs are set correctly, or review your training hyperparameters.
  warnings.warn(
PPO_STEP 80/250 reward=1.699468 kl=-4.128395 best=2.458935
<repo>/paper_repro/compat/trl/trainer/ppo_trainer.py:1304: UserWarning: KL divergence is starting to become negative: -3.42 - this might be a precursor for failed training. sometimes this happens because the generation kwargs are not correctly set. Please make sure that the generation kwargs are set correctly, or review your training hyperparameters.
  warnings.warn(
PPO_STEP 81/250 reward=1.721551 kl=-3.421330 best=2.458935
PPO_STEP 82/250 reward=1.797762 kl=-1.328325 best=2.458935
<repo>/paper_repro/compat/trl/trainer/ppo_trainer.py:1237: UserWarning: The average ratio of batch (24.78) exceeds threshold 5.00. Skipping batch.
  warnings.warn(
<repo>/paper_repro/compat/trl/trainer/ppo_trainer.py:1304: UserWarning: KL divergence is starting to become negative: -1.62 - this might be a precursor for failed training. sometimes this happens because the generation kwargs are not correctly set. Please make sure that the generation kwargs are set correctly, or review your training hyperparameters.
  warnings.warn(
PPO_STEP 83/250 reward=1.661287 kl=-1.623601 best=2.458935
<repo>/paper_repro/compat/trl/trainer/ppo_trainer.py:1304: UserWarning: KL divergence is starting to become negative: -1.12 - this might be a precursor for failed training. sometimes this happens because the generation kwargs are not correctly set. Please make sure that the generation kwargs are set correctly, or review your training hyperparameters.
  warnings.warn(
PPO_STEP 84/250 reward=1.665004 kl=-1.117558 best=2.458935
<repo>/paper_repro/compat/trl/trainer/ppo_trainer.py:1304: UserWarning: KL divergence is starting to become negative: -4.36 - this might be a precursor for failed training. sometimes this happens because the generation kwargs are not correctly set. Please make sure that the generation kwargs are set correctly, or review your training hyperparameters.
  warnings.warn(
PPO_STEP 85/250 reward=1.493550 kl=-4.356597 best=2.458935
<repo>/paper_repro/compat/trl/trainer/ppo_trainer.py:1237: UserWarning: The average ratio of batch (6.20) exceeds threshold 5.00. Skipping batch.
  warnings.warn(
PPO_STEP 86/250 reward=1.872914 kl=-6.310383 best=2.458935
PPO_STEP 87/250 reward=2.147139 kl=-4.640005 best=2.458935
<repo>/paper_repro/compat/trl/trainer/ppo_trainer.py:1304: UserWarning: KL divergence is starting to become negative: -5.97 - this might be a precursor for failed training. sometimes this happens because the generation kwargs are not correctly set. Please make sure that the generation kwargs are set correctly, or review your training hyperparameters.
  warnings.warn(
PPO_STEP 88/250 reward=1.422120 kl=-5.965473 best=2.458935
<repo>/paper_repro/compat/trl/trainer/ppo_trainer.py:1304: UserWarning: KL divergence is starting to become negative: -3.40 - this might be a precursor for failed training. sometimes this happens because the generation kwargs are not correctly set. Please make sure that the generation kwargs are set correctly, or review your training hyperparameters.
  warnings.warn(
PPO_STEP 89/250 reward=1.188761 kl=-3.398926 best=2.458935
<repo>/paper_repro/compat/trl/trainer/ppo_trainer.py:1237: UserWarning: The average ratio of batch (81828.82) exceeds threshold 5.00. Skipping batch.
  warnings.warn(
<repo>/paper_repro/compat/trl/trainer/ppo_trainer.py:1304: UserWarning: KL divergence is starting to become negative: -5.22 - this might be a precursor for failed training. sometimes this happens because the generation kwargs are not correctly set. Please make sure that the generation kwargs are set correctly, or review your training hyperparameters.
  warnings.warn(
PPO_STEP 90/250 reward=1.836526 kl=-5.215608 best=2.458935
<repo>/paper_repro/compat/trl/trainer/ppo_trainer.py:1237: UserWarning: The average ratio of batch (757.21) exceeds threshold 5.00. Skipping batch.
  warnings.warn(
<repo>/paper_repro/compat/trl/trainer/ppo_trainer.py:1304: UserWarning: KL divergence is starting to become negative: -4.74 - this might be a precursor for failed training. sometimes this happens because the generation kwargs are not correctly set. Please make sure that the generation kwargs are set correctly, or review your training hyperparameters.
  warnings.warn(
PPO_STEP 91/250 reward=2.725802 kl=-4.742301 best=2.725802
<repo>/paper_repro/compat/trl/trainer/ppo_trainer.py:1304: UserWarning: KL divergence is starting to become negative: -2.33 - this might be a precursor for failed training. sometimes this happens because the generation kwargs are not correctly set. Please make sure that the generation kwargs are set correctly, or review your training hyperparameters.
  warnings.warn(
PPO_STEP 92/250 reward=1.637656 kl=-2.330686 best=2.725802
PPO_STEP 93/250 reward=1.524750 kl=-2.152941 best=2.725802
<repo>/paper_repro/compat/trl/trainer/ppo_trainer.py:1237: UserWarning: The average ratio of batch (8105.64) exceeds threshold 5.00. Skipping batch.
  warnings.warn(
<repo>/paper_repro/compat/trl/trainer/ppo_trainer.py:1304: UserWarning: KL divergence is starting to become negative: -4.92 - this might be a precursor for failed training. sometimes this happens because the generation kwargs are not correctly set. Please make sure that the generation kwargs are set correctly, or review your training hyperparameters.
  warnings.warn(
PPO_STEP 94/250 reward=1.258196 kl=-4.916095 best=2.725802
<repo>/paper_repro/compat/trl/trainer/ppo_trainer.py:1237: UserWarning: The average ratio of batch (5.51) exceeds threshold 5.00. Skipping batch.
  warnings.warn(
PPO_STEP 95/250 reward=0.919313 kl=-2.643124 best=2.725802
<repo>/paper_repro/compat/trl/trainer/ppo_trainer.py:1304: UserWarning: KL divergence is starting to become negative: -5.48 - this might be a precursor for failed training. sometimes this happens because the generation kwargs are not correctly set. Please make sure that the generation kwargs are set correctly, or review your training hyperparameters.
  warnings.warn(
PPO_STEP 96/250 reward=1.287941 kl=-5.483201 best=2.725802
<repo>/paper_repro/compat/trl/trainer/ppo_trainer.py:1237: UserWarning: The average ratio of batch (22729.05) exceeds threshold 5.00. Skipping batch.
  warnings.warn(
PPO_STEP 97/250 reward=1.521457 kl=-1.977482 best=2.725802
<repo>/paper_repro/compat/trl/trainer/ppo_trainer.py:1304: UserWarning: KL divergence is starting to become negative: -2.31 - this might be a precursor for failed training. sometimes this happens because the generation kwargs are not correctly set. Please make sure that the generation kwargs are set correctly, or review your training hyperparameters.
  warnings.warn(
PPO_STEP 98/250 reward=1.912857 kl=-2.311507 best=2.725802
<repo>/paper_repro/compat/trl/trainer/ppo_trainer.py:1237: UserWarning: The average ratio of batch (38.08) exceeds threshold 5.00. Skipping batch.
  warnings.warn(
<repo>/paper_repro/compat/trl/trainer/ppo_trainer.py:1304: UserWarning: KL divergence is starting to become negative: -4.02 - this might be a precursor for failed training. sometimes this happens because the generation kwargs are not correctly set. Please make sure that the generation kwargs are set correctly, or review your training hyperparameters.
  warnings.warn(
PPO_STEP 99/250 reward=1.458227 kl=-4.023287 best=2.725802
<repo>/paper_repro/compat/trl/trainer/ppo_trainer.py:1304: UserWarning: KL divergence is starting to become negative: -3.50 - this might be a precursor for failed training. sometimes this happens because the generation kwargs are not correctly set. Please make sure that the generation kwargs are set correctly, or review your training hyperparameters.
  warnings.warn(
PPO_STEP 100/250 reward=1.796003 kl=-3.500941 best=2.725802
PPO_STEP 101/250 reward=1.699436 kl=-4.839538 best=2.725802
<repo>/paper_repro/compat/trl/trainer/ppo_trainer.py:1304: UserWarning: KL divergence is starting to become negative: -3.01 - this might be a precursor for failed training. sometimes this happens because the generation kwargs are not correctly set. Please make sure that the generation kwargs are set correctly, or review your training hyperparameters.
  warnings.warn(
PPO_STEP 102/250 reward=1.582287 kl=-3.011830 best=2.725802
<repo>/paper_repro/compat/trl/trainer/ppo_trainer.py:1304: UserWarning: KL divergence is starting to become negative: -2.40 - this might be a precursor for failed training. sometimes this happens because the generation kwargs are not correctly set. Please make sure that the generation kwargs are set correctly, or review your training hyperparameters.
  warnings.warn(
PPO_STEP 103/250 reward=1.747592 kl=-2.398827 best=2.725802
<repo>/paper_repro/compat/trl/trainer/ppo_trainer.py:1304: UserWarning: KL divergence is starting to become negative: -3.25 - this might be a precursor for failed training. sometimes this happens because the generation kwargs are not correctly set. Please make sure that the generation kwargs are set correctly, or review your training hyperparameters.
  warnings.warn(
PPO_STEP 104/250 reward=1.556977 kl=-3.248893 best=2.725802
PPO_STEP 105/250 reward=2.418009 kl=0.650574 best=2.725802
<repo>/paper_repro/compat/trl/trainer/ppo_trainer.py:1237: UserWarning: The average ratio of batch (7434579.00) exceeds threshold 5.00. Skipping batch.
  warnings.warn(
<repo>/paper_repro/compat/trl/trainer/ppo_trainer.py:1304: UserWarning: KL divergence is starting to become negative: -4.22 - this might be a precursor for failed training. sometimes this happens because the generation kwargs are not correctly set. Please make sure that the generation kwargs are set correctly, or review your training hyperparameters.
  warnings.warn(
PPO_STEP 106/250 reward=1.715745 kl=-4.224479 best=2.725802
<repo>/paper_repro/compat/trl/trainer/ppo_trainer.py:1304: UserWarning: KL divergence is starting to become negative: -3.56 - this might be a precursor for failed training. sometimes this happens because the generation kwargs are not correctly set. Please make sure that the generation kwargs are set correctly, or review your training hyperparameters.
  warnings.warn(
PPO_STEP 107/250 reward=2.647722 kl=-3.564457 best=2.725802
PPO_STEP 108/250 reward=1.730188 kl=-0.105981 best=2.725802
<repo>/paper_repro/compat/trl/trainer/ppo_trainer.py:1304: UserWarning: KL divergence is starting to become negative: -6.78 - this might be a precursor for failed training. sometimes this happens because the generation kwargs are not correctly set. Please make sure that the generation kwargs are set correctly, or review your training hyperparameters.
  warnings.warn(
PPO_STEP 109/250 reward=1.795220 kl=-6.776700 best=2.725802
<repo>/paper_repro/compat/trl/trainer/ppo_trainer.py:1304: UserWarning: KL divergence is starting to become negative: -1.90 - this might be a precursor for failed training. sometimes this happens because the generation kwargs are not correctly set. Please make sure that the generation kwargs are set correctly, or review your training hyperparameters.
  warnings.warn(
PPO_STEP 110/250 reward=1.397562 kl=-1.897161 best=2.725802
<repo>/paper_repro/compat/trl/trainer/ppo_trainer.py:1304: UserWarning: KL divergence is starting to become negative: -1.84 - this might be a precursor for failed training. sometimes this happens because the generation kwargs are not correctly set. Please make sure that the generation kwargs are set correctly, or review your training hyperparameters.
  warnings.warn(
PPO_STEP 111/250 reward=1.640536 kl=-1.835799 best=2.725802
PPO_STEP 112/250 reward=1.419136 kl=-1.899312 best=2.725802
<repo>/paper_repro/compat/trl/trainer/ppo_trainer.py:1237: UserWarning: The average ratio of batch (200.71) exceeds threshold 5.00. Skipping batch.
  warnings.warn(
<repo>/paper_repro/compat/trl/trainer/ppo_trainer.py:1237: UserWarning: The average ratio of batch (8.84) exceeds threshold 5.00. Skipping batch.
  warnings.warn(
PPO_STEP 113/250 reward=1.893575 kl=-2.409295 best=2.725802
PPO_STEP 114/250 reward=1.702970 kl=-0.820837 best=2.725802
<repo>/paper_repro/compat/trl/trainer/ppo_trainer.py:1304: UserWarning: KL divergence is starting to become negative: -4.89 - this might be a precursor for failed training. sometimes this happens because the generation kwargs are not correctly set. Please make sure that the generation kwargs are set correctly, or review your training hyperparameters.
  warnings.warn(
PPO_STEP 115/250 reward=2.395051 kl=-4.885829 best=2.725802
<repo>/paper_repro/compat/trl/trainer/ppo_trainer.py:1304: UserWarning: KL divergence is starting to become negative: -5.43 - this might be a precursor for failed training. sometimes this happens because the generation kwargs are not correctly set. Please make sure that the generation kwargs are set correctly, or review your training hyperparameters.
  warnings.warn(
PPO_STEP 116/250 reward=1.456760 kl=-5.428808 best=2.725802
PPO_STEP 117/250 reward=2.052375 kl=0.543412 best=2.725802
<repo>/paper_repro/compat/trl/trainer/ppo_trainer.py:1237: UserWarning: The average ratio of batch (1859161.00) exceeds threshold 5.00. Skipping batch.
  warnings.warn(
<repo>/paper_repro/compat/trl/trainer/ppo_trainer.py:1304: UserWarning: KL divergence is starting to become negative: -4.20 - this might be a precursor for failed training. sometimes this happens because the generation kwargs are not correctly set. Please make sure that the generation kwargs are set correctly, or review your training hyperparameters.
  warnings.warn(
PPO_STEP 118/250 reward=1.207965 kl=-4.197810 best=2.725802
PPO_STEP 119/250 reward=1.899859 kl=-0.681642 best=2.725802
<repo>/paper_repro/compat/trl/trainer/ppo_trainer.py:1237: UserWarning: The average ratio of batch (377009.75) exceeds threshold 5.00. Skipping batch.
  warnings.warn(
<repo>/paper_repro/compat/trl/trainer/ppo_trainer.py:1304: UserWarning: KL divergence is starting to become negative: -2.19 - this might be a precursor for failed training. sometimes this happens because the generation kwargs are not correctly set. Please make sure that the generation kwargs are set correctly, or review your training hyperparameters.
  warnings.warn(
PPO_STEP 120/250 reward=1.701123 kl=-2.192219 best=2.725802
<repo>/paper_repro/compat/trl/trainer/ppo_trainer.py:1304: UserWarning: KL divergence is starting to become negative: -2.25 - this might be a precursor for failed training. sometimes this happens because the generation kwargs are not correctly set. Please make sure that the generation kwargs are set correctly, or review your training hyperparameters.
  warnings.warn(
PPO_STEP 121/250 reward=1.764839 kl=-2.251487 best=2.725802
<repo>/paper_repro/compat/trl/trainer/ppo_trainer.py:1237: UserWarning: The average ratio of batch (61689188.00) exceeds threshold 5.00. Skipping batch.
  warnings.warn(
<repo>/paper_repro/compat/trl/trainer/ppo_trainer.py:1304: UserWarning: KL divergence is starting to become negative: -3.82 - this might be a precursor for failed training. sometimes this happens because the generation kwargs are not correctly set. Please make sure that the generation kwargs are set correctly, or review your training hyperparameters.
  warnings.warn(
PPO_STEP 122/250 reward=1.601126 kl=-3.824830 best=2.725802
PPO_STEP 123/250 reward=2.371812 kl=0.543991 best=2.725802
<repo>/paper_repro/compat/trl/trainer/ppo_trainer.py:1237: UserWarning: The average ratio of batch (5.26) exceeds threshold 5.00. Skipping batch.
  warnings.warn(
<repo>/paper_repro/compat/trl/trainer/ppo_trainer.py:1237: UserWarning: The average ratio of batch (11905.80) exceeds threshold 5.00. Skipping batch.
  warnings.warn(
PPO_STEP 124/250 reward=1.755322 kl=-3.253170 best=2.725802
<repo>/paper_repro/compat/trl/trainer/ppo_trainer.py:1237: UserWarning: The average ratio of batch (10.93) exceeds threshold 5.00. Skipping batch.
  warnings.warn(
<repo>/paper_repro/compat/trl/trainer/ppo_trainer.py:1304: UserWarning: KL divergence is starting to become negative: -2.05 - this might be a precursor for failed training. sometimes this happens because the generation kwargs are not correctly set. Please make sure that the generation kwargs are set correctly, or review your training hyperparameters.
  warnings.warn(
PPO_STEP 125/250 reward=1.886748 kl=-2.046201 best=2.725802
<repo>/paper_repro/compat/trl/trainer/ppo_trainer.py:1237: UserWarning: The average ratio of batch (7.29) exceeds threshold 5.00. Skipping batch.
  warnings.warn(
<repo>/paper_repro/compat/trl/trainer/ppo_trainer.py:1304: UserWarning: KL divergence is starting to become negative: -1.88 - this might be a precursor for failed training. sometimes this happens because the generation kwargs are not correctly set. Please make sure that the generation kwargs are set correctly, or review your training hyperparameters.
  warnings.warn(
PPO_STEP 126/250 reward=1.238263 kl=-1.876132 best=2.725802
<repo>/paper_repro/compat/trl/trainer/ppo_trainer.py:1237: UserWarning: The average ratio of batch (52.90) exceeds threshold 5.00. Skipping batch.
  warnings.warn(
PPO_STEP 127/250 reward=2.647301 kl=-2.193235 best=2.725802
<repo>/paper_repro/compat/trl/trainer/ppo_trainer.py:1304: UserWarning: KL divergence is starting to become negative: -1.18 - this might be a precursor for failed training. sometimes this happens because the generation kwargs are not correctly set. Please make sure that the generation kwargs are set correctly, or review your training hyperparameters.
  warnings.warn(
PPO_STEP 128/250 reward=1.750774 kl=-1.184755 best=2.725802
<repo>/paper_repro/compat/trl/trainer/ppo_trainer.py:1304: UserWarning: KL divergence is starting to become negative: -6.23 - this might be a precursor for failed training. sometimes this happens because the generation kwargs are not correctly set. Please make sure that the generation kwargs are set correctly, or review your training hyperparameters.
  warnings.warn(
PPO_STEP 129/250 reward=1.780257 kl=-6.227268 best=2.725802
PPO_STEP 130/250 reward=2.148957 kl=-1.618276 best=2.725802
<repo>/paper_repro/compat/trl/trainer/ppo_trainer.py:1237: UserWarning: The average ratio of batch (18943.16) exceeds threshold 5.00. Skipping batch.
  warnings.warn(
<repo>/paper_repro/compat/trl/trainer/ppo_trainer.py:1237: UserWarning: The average ratio of batch (62835581255680.00) exceeds threshold 5.00. Skipping batch.
  warnings.warn(
<repo>/paper_repro/compat/trl/trainer/ppo_trainer.py:1304: UserWarning: KL divergence is starting to become negative: -3.41 - this might be a precursor for failed training. sometimes this happens because the generation kwargs are not correctly set. Please make sure that the generation kwargs are set correctly, or review your training hyperparameters.
  warnings.warn(
PPO_STEP 131/250 reward=1.805767 kl=-3.414525 best=2.725802
<repo>/paper_repro/compat/trl/trainer/ppo_trainer.py:1304: UserWarning: KL divergence is starting to become negative: -1.65 - this might be a precursor for failed training. sometimes this happens because the generation kwargs are not correctly set. Please make sure that the generation kwargs are set correctly, or review your training hyperparameters.
  warnings.warn(
PPO_STEP 132/250 reward=1.730013 kl=-1.651794 best=2.725802
<repo>/paper_repro/compat/trl/trainer/ppo_trainer.py:1304: UserWarning: KL divergence is starting to become negative: -4.70 - this might be a precursor for failed training. sometimes this happens because the generation kwargs are not correctly set. Please make sure that the generation kwargs are set correctly, or review your training hyperparameters.
  warnings.warn(
PPO_STEP 133/250 reward=1.116195 kl=-4.704025 best=2.725802
<repo>/paper_repro/compat/trl/trainer/ppo_trainer.py:1237: UserWarning: The average ratio of batch (787922.00) exceeds threshold 5.00. Skipping batch.
  warnings.warn(
<repo>/paper_repro/compat/trl/trainer/ppo_trainer.py:1304: UserWarning: KL divergence is starting to become negative: -5.03 - this might be a precursor for failed training. sometimes this happens because the generation kwargs are not correctly set. Please make sure that the generation kwargs are set correctly, or review your training hyperparameters.
  warnings.warn(
PPO_STEP 134/250 reward=1.281943 kl=-5.029843 best=2.725802
<repo>/paper_repro/compat/trl/trainer/ppo_trainer.py:1304: UserWarning: KL divergence is starting to become negative: -5.41 - this might be a precursor for failed training. sometimes this happens because the generation kwargs are not correctly set. Please make sure that the generation kwargs are set correctly, or review your training hyperparameters.
  warnings.warn(
PPO_STEP 135/250 reward=1.412509 kl=-5.410185 best=2.725802
<repo>/paper_repro/compat/trl/trainer/ppo_trainer.py:1237: UserWarning: The average ratio of batch (10.07) exceeds threshold 5.00. Skipping batch.
  warnings.warn(
<repo>/paper_repro/compat/trl/trainer/ppo_trainer.py:1304: UserWarning: KL divergence is starting to become negative: -5.75 - this might be a precursor for failed training. sometimes this happens because the generation kwargs are not correctly set. Please make sure that the generation kwargs are set correctly, or review your training hyperparameters.
  warnings.warn(
PPO_STEP 136/250 reward=1.159360 kl=-5.749623 best=2.725802
<repo>/paper_repro/compat/trl/trainer/ppo_trainer.py:1237: UserWarning: The average ratio of batch (1873113.88) exceeds threshold 5.00. Skipping batch.
  warnings.warn(
PPO_STEP 137/250 reward=1.815595 kl=-1.812128 best=2.725802
<repo>/paper_repro/compat/trl/trainer/ppo_trainer.py:1237: UserWarning: The average ratio of batch (613.81) exceeds threshold 5.00. Skipping batch.
  warnings.warn(
<repo>/paper_repro/compat/trl/trainer/ppo_trainer.py:1304: UserWarning: KL divergence is starting to become negative: -3.94 - this might be a precursor for failed training. sometimes this happens because the generation kwargs are not correctly set. Please make sure that the generation kwargs are set correctly, or review your training hyperparameters.
  warnings.warn(
PPO_STEP 138/250 reward=1.206986 kl=-3.937165 best=2.725802
<repo>/paper_repro/compat/trl/trainer/ppo_trainer.py:1237: UserWarning: The average ratio of batch (21.20) exceeds threshold 5.00. Skipping batch.
  warnings.warn(
PPO_STEP 139/250 reward=1.177228 kl=-4.459991 best=2.725802
<repo>/paper_repro/compat/trl/trainer/ppo_trainer.py:1237: UserWarning: The average ratio of batch (6650.77) exceeds threshold 5.00. Skipping batch.
  warnings.warn(
<repo>/paper_repro/compat/trl/trainer/ppo_trainer.py:1304: UserWarning: KL divergence is starting to become negative: -6.32 - this might be a precursor for failed training. sometimes this happens because the generation kwargs are not correctly set. Please make sure that the generation kwargs are set correctly, or review your training hyperparameters.
  warnings.warn(
PPO_STEP 140/250 reward=1.567265 kl=-6.316579 best=2.725802
PPO_STEP 141/250 reward=1.716531 kl=0.001576 best=2.725802
<repo>/paper_repro/compat/trl/trainer/ppo_trainer.py:1237: UserWarning: The average ratio of batch (12.77) exceeds threshold 5.00. Skipping batch.
  warnings.warn(
PPO_STEP 142/250 reward=1.451529 kl=-2.644913 best=2.725802
<repo>/paper_repro/compat/trl/trainer/ppo_trainer.py:1237: UserWarning: The average ratio of batch (134.49) exceeds threshold 5.00. Skipping batch.
  warnings.warn(
<repo>/paper_repro/compat/trl/trainer/ppo_trainer.py:1237: UserWarning: The average ratio of batch (6.88) exceeds threshold 5.00. Skipping batch.
  warnings.warn(
<repo>/paper_repro/compat/trl/trainer/ppo_trainer.py:1304: UserWarning: KL divergence is starting to become negative: -2.26 - this might be a precursor for failed training. sometimes this happens because the generation kwargs are not correctly set. Please make sure that the generation kwargs are set correctly, or review your training hyperparameters.
  warnings.warn(
PPO_STEP 143/250 reward=1.582558 kl=-2.261837 best=2.725802
<repo>/paper_repro/compat/trl/trainer/ppo_trainer.py:1304: UserWarning: KL divergence is starting to become negative: -5.27 - this might be a precursor for failed training. sometimes this happens because the generation kwargs are not correctly set. Please make sure that the generation kwargs are set correctly, or review your training hyperparameters.
  warnings.warn(
PPO_STEP 144/250 reward=2.021444 kl=-5.272706 best=2.725802
PPO_STEP 145/250 reward=1.100779 kl=-0.518562 best=2.725802
PPO_STEP 146/250 reward=1.603491 kl=1.003441 best=2.725802
<repo>/paper_repro/compat/trl/trainer/ppo_trainer.py:1237: UserWarning: The average ratio of batch (225411.92) exceeds threshold 5.00. Skipping batch.
  warnings.warn(
PPO_STEP 147/250 reward=1.879270 kl=0.667309 best=2.725802
PPO_STEP 148/250 reward=1.900651 kl=-3.397130 best=2.725802
PPO_STEP 149/250 reward=1.609287 kl=-2.916192 best=2.725802
PPO_STEP 150/250 reward=0.821802 kl=-0.895798 best=2.725802
PPO_STEP 151/250 reward=1.476295 kl=1.318552 best=2.725802
<repo>/paper_repro/compat/trl/trainer/ppo_trainer.py:1304: UserWarning: KL divergence is starting to become negative: -3.39 - this might be a precursor for failed training. sometimes this happens because the generation kwargs are not correctly set. Please make sure that the generation kwargs are set correctly, or review your training hyperparameters.
  warnings.warn(
PPO_STEP 152/250 reward=1.839110 kl=-3.391904 best=2.725802
<repo>/paper_repro/compat/trl/trainer/ppo_trainer.py:1304: UserWarning: KL divergence is starting to become negative: -2.75 - this might be a precursor for failed training. sometimes this happens because the generation kwargs are not correctly set. Please make sure that the generation kwargs are set correctly, or review your training hyperparameters.
  warnings.warn(
PPO_STEP 153/250 reward=1.740333 kl=-2.754957 best=2.725802
<repo>/paper_repro/compat/trl/trainer/ppo_trainer.py:1304: UserWarning: KL divergence is starting to become negative: -1.42 - this might be a precursor for failed training. sometimes this happens because the generation kwargs are not correctly set. Please make sure that the generation kwargs are set correctly, or review your training hyperparameters.
  warnings.warn(
PPO_STEP 154/250 reward=1.373104 kl=-1.418806 best=2.725802
<repo>/paper_repro/compat/trl/trainer/ppo_trainer.py:1304: UserWarning: KL divergence is starting to become negative: -1.04 - this might be a precursor for failed training. sometimes this happens because the generation kwargs are not correctly set. Please make sure that the generation kwargs are set correctly, or review your training hyperparameters.
  warnings.warn(
PPO_STEP 155/250 reward=1.125017 kl=-1.039956 best=2.725802
<repo>/paper_repro/compat/trl/trainer/ppo_trainer.py:1237: UserWarning: The average ratio of batch (36.66) exceeds threshold 5.00. Skipping batch.
  warnings.warn(
<repo>/paper_repro/compat/trl/trainer/ppo_trainer.py:1304: UserWarning: KL divergence is starting to become negative: -3.05 - this might be a precursor for failed training. sometimes this happens because the generation kwargs are not correctly set. Please make sure that the generation kwargs are set correctly, or review your training hyperparameters.
  warnings.warn(
PPO_STEP 156/250 reward=1.619869 kl=-3.045383 best=2.725802
<repo>/paper_repro/compat/trl/trainer/ppo_trainer.py:1237: UserWarning: The average ratio of batch (31.11) exceeds threshold 5.00. Skipping batch.
  warnings.warn(
PPO_STEP 157/250 reward=2.015977 kl=0.824544 best=2.725802
<repo>/paper_repro/compat/trl/trainer/ppo_trainer.py:1237: UserWarning: The average ratio of batch (9.84) exceeds threshold 5.00. Skipping batch.
  warnings.warn(
<repo>/paper_repro/compat/trl/trainer/ppo_trainer.py:1237: UserWarning: The average ratio of batch (73.13) exceeds threshold 5.00. Skipping batch.
  warnings.warn(
<repo>/paper_repro/compat/trl/trainer/ppo_trainer.py:1237: UserWarning: The average ratio of batch (43300.68) exceeds threshold 5.00. Skipping batch.
  warnings.warn(
<repo>/paper_repro/compat/trl/trainer/ppo_trainer.py:1237: UserWarning: The average ratio of batch (28336630850912256.00) exceeds threshold 5.00. Skipping batch.
  warnings.warn(
<repo>/paper_repro/compat/trl/trainer/ppo_trainer.py:1304: UserWarning: KL divergence is starting to become negative: -8.07 - this might be a precursor for failed training. sometimes this happens because the generation kwargs are not correctly set. Please make sure that the generation kwargs are set correctly, or review your training hyperparameters.
  warnings.warn(
PPO_STEP 158/250 reward=1.428476 kl=-8.069160 best=2.725802
PPO_STEP 159/250 reward=2.082527 kl=0.135280 best=2.725802
PPO_STEP 160/250 reward=1.059883 kl=0.509415 best=2.725802
<repo>/paper_repro/compat/trl/trainer/ppo_trainer.py:1304: UserWarning: KL divergence is starting to become negative: -3.63 - this might be a precursor for failed training. sometimes this happens because the generation kwargs are not correctly set. Please make sure that the generation kwargs are set correctly, or review your training hyperparameters.
  warnings.warn(
PPO_STEP 161/250 reward=1.735153 kl=-3.633917 best=2.725802
<repo>/paper_repro/compat/trl/trainer/ppo_trainer.py:1237: UserWarning: The average ratio of batch (5.25) exceeds threshold 5.00. Skipping batch.
  warnings.warn(
<repo>/paper_repro/compat/trl/trainer/ppo_trainer.py:1304: UserWarning: KL divergence is starting to become negative: -2.91 - this might be a precursor for failed training. sometimes this happens because the generation kwargs are not correctly set. Please make sure that the generation kwargs are set correctly, or review your training hyperparameters.
  warnings.warn(
PPO_STEP 162/250 reward=1.775437 kl=-2.913188 best=2.725802
PPO_STEP 163/250 reward=1.397114 kl=-0.487520 best=2.725802
PPO_STEP 164/250 reward=1.497863 kl=-2.385919 best=2.725802
<repo>/paper_repro/compat/trl/trainer/ppo_trainer.py:1304: UserWarning: KL divergence is starting to become negative: -1.72 - this might be a precursor for failed training. sometimes this happens because the generation kwargs are not correctly set. Please make sure that the generation kwargs are set correctly, or review your training hyperparameters.
  warnings.warn(
PPO_STEP 165/250 reward=1.737542 kl=-1.722304 best=2.725802
<repo>/paper_repro/compat/trl/trainer/ppo_trainer.py:1237: UserWarning: The average ratio of batch (5.71) exceeds threshold 5.00. Skipping batch.
  warnings.warn(
<repo>/paper_repro/compat/trl/trainer/ppo_trainer.py:1237: UserWarning: The average ratio of batch (2481977344.00) exceeds threshold 5.00. Skipping batch.
  warnings.warn(
<repo>/paper_repro/compat/trl/trainer/ppo_trainer.py:1304: UserWarning: KL divergence is starting to become negative: -4.10 - this might be a precursor for failed training. sometimes this happens because the generation kwargs are not correctly set. Please make sure that the generation kwargs are set correctly, or review your training hyperparameters.
  warnings.warn(
PPO_STEP 166/250 reward=1.119774 kl=-4.104406 best=2.725802
PPO_STEP 167/250 reward=2.179295 kl=-0.546438 best=2.725802
PPO_STEP 168/250 reward=1.422209 kl=-0.952840 best=2.725802
<repo>/paper_repro/compat/trl/trainer/ppo_trainer.py:1237: UserWarning: The average ratio of batch (6.33) exceeds threshold 5.00. Skipping batch.
  warnings.warn(
<repo>/paper_repro/compat/trl/trainer/ppo_trainer.py:1304: UserWarning: KL divergence is starting to become negative: -2.50 - this might be a precursor for failed training. sometimes this happens because the generation kwargs are not correctly set. Please make sure that the generation kwargs are set correctly, or review your training hyperparameters.
  warnings.warn(
PPO_STEP 169/250 reward=1.773135 kl=-2.497584 best=2.725802
<repo>/paper_repro/compat/trl/trainer/ppo_trainer.py:1304: UserWarning: KL divergence is starting to become negative: -2.83 - this might be a precursor for failed training. sometimes this happens because the generation kwargs are not correctly set. Please make sure that the generation kwargs are set correctly, or review your training hyperparameters.
  warnings.warn(
PPO_STEP 170/250 reward=1.699055 kl=-2.825712 best=2.725802
<repo>/paper_repro/compat/trl/trainer/ppo_trainer.py:1304: UserWarning: KL divergence is starting to become negative: -1.52 - this might be a precursor for failed training. sometimes this happens because the generation kwargs are not correctly set. Please make sure that the generation kwargs are set correctly, or review your training hyperparameters.
  warnings.warn(
PPO_STEP 171/250 reward=1.770841 kl=-1.520471 best=2.725802
<repo>/paper_repro/compat/trl/trainer/ppo_trainer.py:1237: UserWarning: The average ratio of batch (133.54) exceeds threshold 5.00. Skipping batch.
  warnings.warn(
PPO_STEP 172/250 reward=1.876780 kl=0.779058 best=2.725802
PPO_STEP 173/250 reward=2.102409 kl=2.546595 best=2.725802
PPO_STEP 174/250 reward=1.997669 kl=-0.254554 best=2.725802
<repo>/paper_repro/compat/trl/trainer/ppo_trainer.py:1304: UserWarning: KL divergence is starting to become negative: -2.24 - this might be a precursor for failed training. sometimes this happens because the generation kwargs are not correctly set. Please make sure that the generation kwargs are set correctly, or review your training hyperparameters.
  warnings.warn(
PPO_STEP 175/250 reward=1.815770 kl=-2.239536 best=2.725802
<repo>/paper_repro/compat/trl/trainer/ppo_trainer.py:1237: UserWarning: The average ratio of batch (166.63) exceeds threshold 5.00. Skipping batch.
  warnings.warn(
<repo>/paper_repro/compat/trl/trainer/ppo_trainer.py:1304: UserWarning: KL divergence is starting to become negative: -2.49 - this might be a precursor for failed training. sometimes this happens because the generation kwargs are not correctly set. Please make sure that the generation kwargs are set correctly, or review your training hyperparameters.
  warnings.warn(
PPO_STEP 176/250 reward=1.774929 kl=-2.493419 best=2.725802
PPO_STEP 177/250 reward=1.380791 kl=-4.816746 best=2.725802
<repo>/paper_repro/compat/trl/trainer/ppo_trainer.py:1237: UserWarning: The average ratio of batch (137.71) exceeds threshold 5.00. Skipping batch.
  warnings.warn(
<repo>/paper_repro/compat/trl/trainer/ppo_trainer.py:1304: UserWarning: KL divergence is starting to become negative: -3.83 - this might be a precursor for failed training. sometimes this happens because the generation kwargs are not correctly set. Please make sure that the generation kwargs are set correctly, or review your training hyperparameters.
  warnings.warn(
PPO_STEP 178/250 reward=1.591127 kl=-3.829698 best=2.725802
<repo>/paper_repro/compat/trl/trainer/ppo_trainer.py:1237: UserWarning: The average ratio of batch (51.05) exceeds threshold 5.00. Skipping batch.
  warnings.warn(
PPO_STEP 179/250 reward=1.870243 kl=0.106258 best=2.725802
<repo>/paper_repro/compat/trl/trainer/ppo_trainer.py:1304: UserWarning: KL divergence is starting to become negative: -1.22 - this might be a precursor for failed training. sometimes this happens because the generation kwargs are not correctly set. Please make sure that the generation kwargs are set correctly, or review your training hyperparameters.
  warnings.warn(
PPO_STEP 180/250 reward=1.763268 kl=-1.221296 best=2.725802
PPO_STEP 181/250 reward=1.899680 kl=-0.765272 best=2.725802
<repo>/paper_repro/compat/trl/trainer/ppo_trainer.py:1304: UserWarning: KL divergence is starting to become negative: -2.68 - this might be a precursor for failed training. sometimes this happens because the generation kwargs are not correctly set. Please make sure that the generation kwargs are set correctly, or review your training hyperparameters.
  warnings.warn(
PPO_STEP 182/250 reward=1.751633 kl=-2.680655 best=2.725802
<repo>/paper_repro/compat/trl/trainer/ppo_trainer.py:1237: UserWarning: The average ratio of batch (21561302.00) exceeds threshold 5.00. Skipping batch.
  warnings.warn(
<repo>/paper_repro/compat/trl/trainer/ppo_trainer.py:1237: UserWarning: The average ratio of batch (2424.20) exceeds threshold 5.00. Skipping batch.
  warnings.warn(
<repo>/paper_repro/compat/trl/trainer/ppo_trainer.py:1304: UserWarning: KL divergence is starting to become negative: -6.15 - this might be a precursor for failed training. sometimes this happens because the generation kwargs are not correctly set. Please make sure that the generation kwargs are set correctly, or review your training hyperparameters.
  warnings.warn(
PPO_STEP 183/250 reward=1.715499 kl=-6.148885 best=2.725802
<repo>/paper_repro/compat/trl/trainer/ppo_trainer.py:1304: UserWarning: KL divergence is starting to become negative: -6.79 - this might be a precursor for failed training. sometimes this happens because the generation kwargs are not correctly set. Please make sure that the generation kwargs are set correctly, or review your training hyperparameters.
  warnings.warn(
PPO_STEP 184/250 reward=1.295862 kl=-6.787559 best=2.725802
<repo>/paper_repro/compat/trl/trainer/ppo_trainer.py:1237: UserWarning: The average ratio of batch (13.05) exceeds threshold 5.00. Skipping batch.
  warnings.warn(
PPO_STEP 185/250 reward=2.186577 kl=0.063974 best=2.725802
<repo>/paper_repro/compat/trl/trainer/ppo_trainer.py:1304: UserWarning: KL divergence is starting to become negative: -5.20 - this might be a precursor for failed training. sometimes this happens because the generation kwargs are not correctly set. Please make sure that the generation kwargs are set correctly, or review your training hyperparameters.
  warnings.warn(
PPO_STEP 186/250 reward=1.901904 kl=-5.204372 best=2.725802
<repo>/paper_repro/compat/trl/trainer/ppo_trainer.py:1237: UserWarning: The average ratio of batch (8.51) exceeds threshold 5.00. Skipping batch.
  warnings.warn(
<repo>/paper_repro/compat/trl/trainer/ppo_trainer.py:1237: UserWarning: The average ratio of batch (20.71) exceeds threshold 5.00. Skipping batch.
  warnings.warn(
<repo>/paper_repro/compat/trl/trainer/ppo_trainer.py:1237: UserWarning: The average ratio of batch (1322.92) exceeds threshold 5.00. Skipping batch.
  warnings.warn(
PPO_STEP 187/250 reward=2.312596 kl=-2.327861 best=2.725802
PPO_STEP 188/250 reward=1.829728 kl=-0.401951 best=2.725802
<repo>/paper_repro/compat/trl/trainer/ppo_trainer.py:1237: UserWarning: The average ratio of batch (10.45) exceeds threshold 5.00. Skipping batch.
  warnings.warn(
<repo>/paper_repro/compat/trl/trainer/ppo_trainer.py:1304: UserWarning: KL divergence is starting to become negative: -3.58 - this might be a precursor for failed training. sometimes this happens because the generation kwargs are not correctly set. Please make sure that the generation kwargs are set correctly, or review your training hyperparameters.
  warnings.warn(
PPO_STEP 189/250 reward=2.107073 kl=-3.579518 best=2.725802
PPO_STEP 190/250 reward=1.573159 kl=0.161499 best=2.725802
<repo>/paper_repro/compat/trl/trainer/ppo_trainer.py:1237: UserWarning: The average ratio of batch (554418638422016.00) exceeds threshold 5.00. Skipping batch.
  warnings.warn(
<repo>/paper_repro/compat/trl/trainer/ppo_trainer.py:1304: UserWarning: KL divergence is starting to become negative: -2.59 - this might be a precursor for failed training. sometimes this happens because the generation kwargs are not correctly set. Please make sure that the generation kwargs are set correctly, or review your training hyperparameters.
  warnings.warn(
PPO_STEP 191/250 reward=1.664381 kl=-2.591051 best=2.725802
<repo>/paper_repro/compat/trl/trainer/ppo_trainer.py:1237: UserWarning: The average ratio of batch (20.06) exceeds threshold 5.00. Skipping batch.
  warnings.warn(
PPO_STEP 192/250 reward=2.110553 kl=0.402607 best=2.725802
<repo>/paper_repro/compat/trl/trainer/ppo_trainer.py:1237: UserWarning: The average ratio of batch (inf) exceeds threshold 5.00. Skipping batch.
  warnings.warn(
WARNING:__main__:Corrupted parameter detected: pretrained_model.base_model.model.gpt_neox.layers.0.attention.query_key_value.lora_A.default.weight
WARNING:__main__:Step 192: weights corrupted after PPO step — rolling back (1/5)
WARNING:__main__:Step 192: reset optimizer moments.
<repo>/paper_repro/compat/trl/trainer/ppo_trainer.py:1304: UserWarning: KL divergence is starting to become negative: -4.58 - this might be a precursor for failed training. sometimes this happens because the generation kwargs are not correctly set. Please make sure that the generation kwargs are set correctly, or review your training hyperparameters.
  warnings.warn(
PPO_STEP 194/250 reward=1.519969 kl=-4.577397 best=2.725802
<repo>/paper_repro/compat/trl/trainer/ppo_trainer.py:1304: UserWarning: KL divergence is starting to become negative: -6.06 - this might be a precursor for failed training. sometimes this happens because the generation kwargs are not correctly set. Please make sure that the generation kwargs are set correctly, or review your training hyperparameters.
  warnings.warn(
PPO_STEP 195/250 reward=1.289085 kl=-6.064620 best=2.725802
<repo>/paper_repro/compat/trl/trainer/ppo_trainer.py:1237: UserWarning: The average ratio of batch (65.81) exceeds threshold 5.00. Skipping batch.
  warnings.warn(
<repo>/paper_repro/compat/trl/trainer/ppo_trainer.py:1304: UserWarning: KL divergence is starting to become negative: -3.60 - this might be a precursor for failed training. sometimes this happens because the generation kwargs are not correctly set. Please make sure that the generation kwargs are set correctly, or review your training hyperparameters.
  warnings.warn(
PPO_STEP 196/250 reward=1.500153 kl=-3.603646 best=2.725802
<repo>/paper_repro/compat/trl/trainer/ppo_trainer.py:1237: UserWarning: The average ratio of batch (558.61) exceeds threshold 5.00. Skipping batch.
  warnings.warn(
<repo>/paper_repro/compat/trl/trainer/ppo_trainer.py:1304: UserWarning: KL divergence is starting to become negative: -3.43 - this might be a precursor for failed training. sometimes this happens because the generation kwargs are not correctly set. Please make sure that the generation kwargs are set correctly, or review your training hyperparameters.
  warnings.warn(
PPO_STEP 197/250 reward=1.335191 kl=-3.429271 best=2.725802
<repo>/paper_repro/compat/trl/trainer/ppo_trainer.py:1304: UserWarning: KL divergence is starting to become negative: -2.71 - this might be a precursor for failed training. sometimes this happens because the generation kwargs are not correctly set. Please make sure that the generation kwargs are set correctly, or review your training hyperparameters.
  warnings.warn(
PPO_STEP 198/250 reward=0.931007 kl=-2.705835 best=2.725802
<repo>/paper_repro/compat/trl/trainer/ppo_trainer.py:1237: UserWarning: The average ratio of batch (14.78) exceeds threshold 5.00. Skipping batch.
  warnings.warn(
<repo>/paper_repro/compat/trl/trainer/ppo_trainer.py:1237: UserWarning: The average ratio of batch (6.18) exceeds threshold 5.00. Skipping batch.
  warnings.warn(
<repo>/paper_repro/compat/trl/trainer/ppo_trainer.py:1304: UserWarning: KL divergence is starting to become negative: -2.62 - this might be a precursor for failed training. sometimes this happens because the generation kwargs are not correctly set. Please make sure that the generation kwargs are set correctly, or review your training hyperparameters.
  warnings.warn(
PPO_STEP 199/250 reward=0.673433 kl=-2.623674 best=2.725802
<repo>/paper_repro/compat/trl/trainer/ppo_trainer.py:1304: UserWarning: KL divergence is starting to become negative: -6.18 - this might be a precursor for failed training. sometimes this happens because the generation kwargs are not correctly set. Please make sure that the generation kwargs are set correctly, or review your training hyperparameters.
  warnings.warn(
PPO_STEP 200/250 reward=1.201633 kl=-6.181508 best=2.725802
<repo>/paper_repro/compat/trl/trainer/ppo_trainer.py:1237: UserWarning: The average ratio of batch (1798.69) exceeds threshold 5.00. Skipping batch.
  warnings.warn(
PPO_STEP 201/250 reward=2.150300 kl=-3.216834 best=2.725802
<repo>/paper_repro/compat/trl/trainer/ppo_trainer.py:1237: UserWarning: The average ratio of batch (357781056.00) exceeds threshold 5.00. Skipping batch.
  warnings.warn(
<repo>/paper_repro/compat/trl/trainer/ppo_trainer.py:1237: UserWarning: The average ratio of batch (8.15) exceeds threshold 5.00. Skipping batch.
  warnings.warn(
PPO_STEP 202/250 reward=1.495168 kl=-3.187043 best=2.725802
<repo>/paper_repro/compat/trl/trainer/ppo_trainer.py:1237: UserWarning: The average ratio of batch (157.84) exceeds threshold 5.00. Skipping batch.
  warnings.warn(
PPO_STEP 203/250 reward=1.343529 kl=-0.460634 best=2.725802
<repo>/paper_repro/compat/trl/trainer/ppo_trainer.py:1304: UserWarning: KL divergence is starting to become negative: -8.30 - this might be a precursor for failed training. sometimes this happens because the generation kwargs are not correctly set. Please make sure that the generation kwargs are set correctly, or review your training hyperparameters.
  warnings.warn(
PPO_STEP 204/250 reward=1.142326 kl=-8.300423 best=2.725802
<repo>/paper_repro/compat/trl/trainer/ppo_trainer.py:1237: UserWarning: The average ratio of batch (5.97) exceeds threshold 5.00. Skipping batch.
  warnings.warn(
<repo>/paper_repro/compat/trl/trainer/ppo_trainer.py:1237: UserWarning: The average ratio of batch (56628.18) exceeds threshold 5.00. Skipping batch.
  warnings.warn(
<repo>/paper_repro/compat/trl/trainer/ppo_trainer.py:1237: UserWarning: The average ratio of batch (68.14) exceeds threshold 5.00. Skipping batch.
  warnings.warn(
<repo>/paper_repro/compat/trl/trainer/ppo_trainer.py:1304: UserWarning: KL divergence is starting to become negative: -1.31 - this might be a precursor for failed training. sometimes this happens because the generation kwargs are not correctly set. Please make sure that the generation kwargs are set correctly, or review your training hyperparameters.
  warnings.warn(
PPO_STEP 205/250 reward=1.921705 kl=-1.313859 best=2.725802
<repo>/paper_repro/compat/trl/trainer/ppo_trainer.py:1304: UserWarning: KL divergence is starting to become negative: -1.46 - this might be a precursor for failed training. sometimes this happens because the generation kwargs are not correctly set. Please make sure that the generation kwargs are set correctly, or review your training hyperparameters.
  warnings.warn(
PPO_STEP 206/250 reward=1.224998 kl=-1.457502 best=2.725802
<repo>/paper_repro/compat/trl/trainer/ppo_trainer.py:1237: UserWarning: The average ratio of batch (2817435564620988917227716608.00) exceeds threshold 5.00. Skipping batch.
  warnings.warn(
<repo>/paper_repro/compat/trl/trainer/ppo_trainer.py:1304: UserWarning: KL divergence is starting to become negative: -10.04 - this might be a precursor for failed training. sometimes this happens because the generation kwargs are not correctly set. Please make sure that the generation kwargs are set correctly, or review your training hyperparameters.
  warnings.warn(
PPO_STEP 207/250 reward=1.922007 kl=-10.039213 best=2.725802
<repo>/paper_repro/compat/trl/trainer/ppo_trainer.py:1237: UserWarning: The average ratio of batch (1140222592.00) exceeds threshold 5.00. Skipping batch.
  warnings.warn(
<repo>/paper_repro/compat/trl/trainer/ppo_trainer.py:1304: UserWarning: KL divergence is starting to become negative: -3.78 - this might be a precursor for failed training. sometimes this happens because the generation kwargs are not correctly set. Please make sure that the generation kwargs are set correctly, or review your training hyperparameters.
  warnings.warn(
PPO_STEP 208/250 reward=1.916025 kl=-3.780929 best=2.725802
<repo>/paper_repro/compat/trl/trainer/ppo_trainer.py:1237: UserWarning: The average ratio of batch (422.81) exceeds threshold 5.00. Skipping batch.
  warnings.warn(
<repo>/paper_repro/compat/trl/trainer/ppo_trainer.py:1304: UserWarning: KL divergence is starting to become negative: -1.82 - this might be a precursor for failed training. sometimes this happens because the generation kwargs are not correctly set. Please make sure that the generation kwargs are set correctly, or review your training hyperparameters.
  warnings.warn(
PPO_STEP 209/250 reward=1.492408 kl=-1.815247 best=2.725802
<repo>/paper_repro/compat/trl/trainer/ppo_trainer.py:1237: UserWarning: The average ratio of batch (1742385840128.00) exceeds threshold 5.00. Skipping batch.
  warnings.warn(
<repo>/paper_repro/compat/trl/trainer/ppo_trainer.py:1304: UserWarning: KL divergence is starting to become negative: -4.72 - this might be a precursor for failed training. sometimes this happens because the generation kwargs are not correctly set. Please make sure that the generation kwargs are set correctly, or review your training hyperparameters.
  warnings.warn(
PPO_STEP 210/250 reward=2.036584 kl=-4.718523 best=2.725802
PPO_STEP 211/250 reward=1.903678 kl=0.594383 best=2.725802
PPO_STEP 212/250 reward=1.739817 kl=0.718908 best=2.725802
<repo>/paper_repro/compat/trl/trainer/ppo_trainer.py:1304: UserWarning: KL divergence is starting to become negative: -5.72 - this might be a precursor for failed training. sometimes this happens because the generation kwargs are not correctly set. Please make sure that the generation kwargs are set correctly, or review your training hyperparameters.
  warnings.warn(
PPO_STEP 213/250 reward=1.570423 kl=-5.720749 best=2.725802
<repo>/paper_repro/compat/trl/trainer/ppo_trainer.py:1237: UserWarning: The average ratio of batch (88542084595712.00) exceeds threshold 5.00. Skipping batch.
  warnings.warn(
<repo>/paper_repro/compat/trl/trainer/ppo_trainer.py:1237: UserWarning: The average ratio of batch (10.98) exceeds threshold 5.00. Skipping batch.
  warnings.warn(
<repo>/paper_repro/compat/trl/trainer/ppo_trainer.py:1304: UserWarning: KL divergence is starting to become negative: -2.80 - this might be a precursor for failed training. sometimes this happens because the generation kwargs are not correctly set. Please make sure that the generation kwargs are set correctly, or review your training hyperparameters.
  warnings.warn(
PPO_STEP 214/250 reward=1.471060 kl=-2.803149 best=2.725802
<repo>/paper_repro/compat/trl/trainer/ppo_trainer.py:1304: UserWarning: KL divergence is starting to become negative: -1.37 - this might be a precursor for failed training. sometimes this happens because the generation kwargs are not correctly set. Please make sure that the generation kwargs are set correctly, or review your training hyperparameters.
  warnings.warn(
PPO_STEP 215/250 reward=2.575639 kl=-1.374000 best=2.725802
<repo>/paper_repro/compat/trl/trainer/ppo_trainer.py:1304: UserWarning: KL divergence is starting to become negative: -5.12 - this might be a precursor for failed training. sometimes this happens because the generation kwargs are not correctly set. Please make sure that the generation kwargs are set correctly, or review your training hyperparameters.
  warnings.warn(
PPO_STEP 216/250 reward=0.958114 kl=-5.121257 best=2.725802
PPO_STEP 217/250 reward=1.610212 kl=-0.778841 best=2.725802
<repo>/paper_repro/compat/trl/trainer/ppo_trainer.py:1304: UserWarning: KL divergence is starting to become negative: -6.27 - this might be a precursor for failed training. sometimes this happens because the generation kwargs are not correctly set. Please make sure that the generation kwargs are set correctly, or review your training hyperparameters.
  warnings.warn(
PPO_STEP 218/250 reward=1.603921 kl=-6.272735 best=2.725802
<repo>/paper_repro/compat/trl/trainer/ppo_trainer.py:1304: UserWarning: KL divergence is starting to become negative: -6.88 - this might be a precursor for failed training. sometimes this happens because the generation kwargs are not correctly set. Please make sure that the generation kwargs are set correctly, or review your training hyperparameters.
  warnings.warn(
PPO_STEP 219/250 reward=2.146589 kl=-6.884001 best=2.725802
<repo>/paper_repro/compat/trl/trainer/ppo_trainer.py:1237: UserWarning: The average ratio of batch (1454072.12) exceeds threshold 5.00. Skipping batch.
  warnings.warn(
PPO_STEP 220/250 reward=1.975178 kl=-6.457577 best=2.725802
<repo>/paper_repro/compat/trl/trainer/ppo_trainer.py:1304: UserWarning: KL divergence is starting to become negative: -3.37 - this might be a precursor for failed training. sometimes this happens because the generation kwargs are not correctly set. Please make sure that the generation kwargs are set correctly, or review your training hyperparameters.
  warnings.warn(
PPO_STEP 221/250 reward=1.109775 kl=-3.372044 best=2.725802
<repo>/paper_repro/compat/trl/trainer/ppo_trainer.py:1304: UserWarning: KL divergence is starting to become negative: -3.77 - this might be a precursor for failed training. sometimes this happens because the generation kwargs are not correctly set. Please make sure that the generation kwargs are set correctly, or review your training hyperparameters.
  warnings.warn(
PPO_STEP 222/250 reward=2.198707 kl=-3.767147 best=2.725802
<repo>/paper_repro/compat/trl/trainer/ppo_trainer.py:1237: UserWarning: The average ratio of batch (690.50) exceeds threshold 5.00. Skipping batch.
  warnings.warn(
<repo>/paper_repro/compat/trl/trainer/ppo_trainer.py:1304: UserWarning: KL divergence is starting to become negative: -8.05 - this might be a precursor for failed training. sometimes this happens because the generation kwargs are not correctly set. Please make sure that the generation kwargs are set correctly, or review your training hyperparameters.
  warnings.warn(
PPO_STEP 223/250 reward=1.264395 kl=-8.050928 best=2.725802
<repo>/paper_repro/compat/trl/trainer/ppo_trainer.py:1237: UserWarning: The average ratio of batch (6.80) exceeds threshold 5.00. Skipping batch.
  warnings.warn(
<repo>/paper_repro/compat/trl/trainer/ppo_trainer.py:1237: UserWarning: The average ratio of batch (463984.47) exceeds threshold 5.00. Skipping batch.
  warnings.warn(
PPO_STEP 224/250 reward=1.929946 kl=-2.706730 best=2.725802
PPO_STEP 225/250 reward=1.999499 kl=0.799298 best=2.725802
<repo>/paper_repro/compat/trl/trainer/ppo_trainer.py:1237: UserWarning: The average ratio of batch (44.47) exceeds threshold 5.00. Skipping batch.
  warnings.warn(
<repo>/paper_repro/compat/trl/trainer/ppo_trainer.py:1237: UserWarning: The average ratio of batch (59.30) exceeds threshold 5.00. Skipping batch.
  warnings.warn(
<repo>/paper_repro/compat/trl/trainer/ppo_trainer.py:1237: UserWarning: The average ratio of batch (58.82) exceeds threshold 5.00. Skipping batch.
  warnings.warn(
PPO_STEP 226/250 reward=1.466449 kl=-1.322254 best=2.725802
<repo>/paper_repro/compat/trl/trainer/ppo_trainer.py:1237: UserWarning: The average ratio of batch (95365472.00) exceeds threshold 5.00. Skipping batch.
  warnings.warn(
<repo>/paper_repro/compat/trl/trainer/ppo_trainer.py:1304: UserWarning: KL divergence is starting to become negative: -8.31 - this might be a precursor for failed training. sometimes this happens because the generation kwargs are not correctly set. Please make sure that the generation kwargs are set correctly, or review your training hyperparameters.
  warnings.warn(
PPO_STEP 227/250 reward=1.414502 kl=-8.314043 best=2.725802
<repo>/paper_repro/compat/trl/trainer/ppo_trainer.py:1237: UserWarning: The average ratio of batch (20.41) exceeds threshold 5.00. Skipping batch.
  warnings.warn(
PPO_STEP 228/250 reward=2.132095 kl=0.760226 best=2.725802
PPO_STEP 229/250 reward=1.494251 kl=0.456516 best=2.725802
<repo>/paper_repro/compat/trl/trainer/ppo_trainer.py:1304: UserWarning: KL divergence is starting to become negative: -3.79 - this might be a precursor for failed training. sometimes this happens because the generation kwargs are not correctly set. Please make sure that the generation kwargs are set correctly, or review your training hyperparameters.
  warnings.warn(
PPO_STEP 230/250 reward=1.164440 kl=-3.792329 best=2.725802
<repo>/paper_repro/compat/trl/trainer/ppo_trainer.py:1237: UserWarning: The average ratio of batch (6.15) exceeds threshold 5.00. Skipping batch.
  warnings.warn(
<repo>/paper_repro/compat/trl/trainer/ppo_trainer.py:1237: UserWarning: The average ratio of batch (570.48) exceeds threshold 5.00. Skipping batch.
  warnings.warn(
<repo>/paper_repro/compat/trl/trainer/ppo_trainer.py:1304: UserWarning: KL divergence is starting to become negative: -6.13 - this might be a precursor for failed training. sometimes this happens because the generation kwargs are not correctly set. Please make sure that the generation kwargs are set correctly, or review your training hyperparameters.
  warnings.warn(
PPO_STEP 231/250 reward=1.355390 kl=-6.130393 best=2.725802
PPO_STEP 232/250 reward=1.828444 kl=-0.001089 best=2.725802
<repo>/paper_repro/compat/trl/trainer/ppo_trainer.py:1304: UserWarning: KL divergence is starting to become negative: -6.14 - this might be a precursor for failed training. sometimes this happens because the generation kwargs are not correctly set. Please make sure that the generation kwargs are set correctly, or review your training hyperparameters.
  warnings.warn(
PPO_STEP 233/250 reward=1.650421 kl=-6.143152 best=2.725802
<repo>/paper_repro/compat/trl/trainer/ppo_trainer.py:1237: UserWarning: The average ratio of batch (260399744.00) exceeds threshold 5.00. Skipping batch.
  warnings.warn(
<repo>/paper_repro/compat/trl/trainer/ppo_trainer.py:1237: UserWarning: The average ratio of batch (562319168.00) exceeds threshold 5.00. Skipping batch.
  warnings.warn(
<repo>/paper_repro/compat/trl/trainer/ppo_trainer.py:1237: UserWarning: The average ratio of batch (80.34) exceeds threshold 5.00. Skipping batch.
  warnings.warn(
<repo>/paper_repro/compat/trl/trainer/ppo_trainer.py:1304: UserWarning: KL divergence is starting to become negative: -4.57 - this might be a precursor for failed training. sometimes this happens because the generation kwargs are not correctly set. Please make sure that the generation kwargs are set correctly, or review your training hyperparameters.
  warnings.warn(
PPO_STEP 234/250 reward=1.856908 kl=-4.570789 best=2.725802
<repo>/paper_repro/compat/trl/trainer/ppo_trainer.py:1237: UserWarning: The average ratio of batch (9.56) exceeds threshold 5.00. Skipping batch.
  warnings.warn(
<repo>/paper_repro/compat/trl/trainer/ppo_trainer.py:1304: UserWarning: KL divergence is starting to become negative: -2.76 - this might be a precursor for failed training. sometimes this happens because the generation kwargs are not correctly set. Please make sure that the generation kwargs are set correctly, or review your training hyperparameters.
  warnings.warn(
PPO_STEP 235/250 reward=1.839863 kl=-2.761296 best=2.725802
<repo>/paper_repro/compat/trl/trainer/ppo_trainer.py:1304: UserWarning: KL divergence is starting to become negative: -1.36 - this might be a precursor for failed training. sometimes this happens because the generation kwargs are not correctly set. Please make sure that the generation kwargs are set correctly, or review your training hyperparameters.
  warnings.warn(
PPO_STEP 236/250 reward=1.271266 kl=-1.356874 best=2.725802
PPO_STEP 237/250 reward=2.516993 kl=0.140654 best=2.725802
<repo>/paper_repro/compat/trl/trainer/ppo_trainer.py:1237: UserWarning: The average ratio of batch (5.85) exceeds threshold 5.00. Skipping batch.
  warnings.warn(
<repo>/paper_repro/compat/trl/trainer/ppo_trainer.py:1304: UserWarning: KL divergence is starting to become negative: -5.38 - this might be a precursor for failed training. sometimes this happens because the generation kwargs are not correctly set. Please make sure that the generation kwargs are set correctly, or review your training hyperparameters.
  warnings.warn(
PPO_STEP 238/250 reward=1.452530 kl=-5.379310 best=2.725802
<repo>/paper_repro/compat/trl/trainer/ppo_trainer.py:1237: UserWarning: The average ratio of batch (11.00) exceeds threshold 5.00. Skipping batch.
  warnings.warn(
<repo>/paper_repro/compat/trl/trainer/ppo_trainer.py:1304: UserWarning: KL divergence is starting to become negative: -4.25 - this might be a precursor for failed training. sometimes this happens because the generation kwargs are not correctly set. Please make sure that the generation kwargs are set correctly, or review your training hyperparameters.
  warnings.warn(
PPO_STEP 239/250 reward=1.442317 kl=-4.249897 best=2.725802
<repo>/paper_repro/compat/trl/trainer/ppo_trainer.py:1237: UserWarning: The average ratio of batch (90.37) exceeds threshold 5.00. Skipping batch.
  warnings.warn(
<repo>/paper_repro/compat/trl/trainer/ppo_trainer.py:1237: UserWarning: The average ratio of batch (6.64) exceeds threshold 5.00. Skipping batch.
  warnings.warn(
<repo>/paper_repro/compat/trl/trainer/ppo_trainer.py:1304: UserWarning: KL divergence is starting to become negative: -7.94 - this might be a precursor for failed training. sometimes this happens because the generation kwargs are not correctly set. Please make sure that the generation kwargs are set correctly, or review your training hyperparameters.
  warnings.warn(
PPO_STEP 240/250 reward=1.769110 kl=-7.938447 best=2.725802
PPO_STEP 241/250 reward=1.410348 kl=-4.253095 best=2.725802
<repo>/paper_repro/compat/trl/trainer/ppo_trainer.py:1237: UserWarning: The average ratio of batch (120.34) exceeds threshold 5.00. Skipping batch.
  warnings.warn(
<repo>/paper_repro/compat/trl/trainer/ppo_trainer.py:1304: UserWarning: KL divergence is starting to become negative: -3.08 - this might be a precursor for failed training. sometimes this happens because the generation kwargs are not correctly set. Please make sure that the generation kwargs are set correctly, or review your training hyperparameters.
  warnings.warn(
PPO_STEP 242/250 reward=1.775648 kl=-3.077322 best=2.725802
<repo>/paper_repro/compat/trl/trainer/ppo_trainer.py:1237: UserWarning: The average ratio of batch (74309248.00) exceeds threshold 5.00. Skipping batch.
  warnings.warn(
<repo>/paper_repro/compat/trl/trainer/ppo_trainer.py:1304: UserWarning: KL divergence is starting to become negative: -5.76 - this might be a precursor for failed training. sometimes this happens because the generation kwargs are not correctly set. Please make sure that the generation kwargs are set correctly, or review your training hyperparameters.
  warnings.warn(
PPO_STEP 243/250 reward=2.027005 kl=-5.757351 best=2.725802
<repo>/paper_repro/compat/trl/trainer/ppo_trainer.py:1304: UserWarning: KL divergence is starting to become negative: -5.24 - this might be a precursor for failed training. sometimes this happens because the generation kwargs are not correctly set. Please make sure that the generation kwargs are set correctly, or review your training hyperparameters.
  warnings.warn(
PPO_STEP 244/250 reward=1.482414 kl=-5.241060 best=2.725802
<repo>/paper_repro/compat/trl/trainer/ppo_trainer.py:1237: UserWarning: The average ratio of batch (6195190.50) exceeds threshold 5.00. Skipping batch.
  warnings.warn(
<repo>/paper_repro/compat/trl/trainer/ppo_trainer.py:1304: UserWarning: KL divergence is starting to become negative: -1.16 - this might be a precursor for failed training. sometimes this happens because the generation kwargs are not correctly set. Please make sure that the generation kwargs are set correctly, or review your training hyperparameters.
  warnings.warn(
PPO_STEP 245/250 reward=2.105373 kl=-1.156713 best=2.725802
<repo>/paper_repro/compat/trl/trainer/ppo_trainer.py:1237: UserWarning: The average ratio of batch (80.70) exceeds threshold 5.00. Skipping batch.
  warnings.warn(
<repo>/paper_repro/compat/trl/trainer/ppo_trainer.py:1304: UserWarning: KL divergence is starting to become negative: -5.54 - this might be a precursor for failed training. sometimes this happens because the generation kwargs are not correctly set. Please make sure that the generation kwargs are set correctly, or review your training hyperparameters.
  warnings.warn(
PPO_STEP 246/250 reward=2.329217 kl=-5.544466 best=2.725802
<repo>/paper_repro/compat/trl/trainer/ppo_trainer.py:1237: UserWarning: The average ratio of batch (325439.16) exceeds threshold 5.00. Skipping batch.
  warnings.warn(
<repo>/paper_repro/compat/trl/trainer/ppo_trainer.py:1304: UserWarning: KL divergence is starting to become negative: -10.61 - this might be a precursor for failed training. sometimes this happens because the generation kwargs are not correctly set. Please make sure that the generation kwargs are set correctly, or review your training hyperparameters.
  warnings.warn(
PPO_STEP 247/250 reward=2.025292 kl=-10.605207 best=2.725802
<repo>/paper_repro/compat/trl/trainer/ppo_trainer.py:1304: UserWarning: KL divergence is starting to become negative: -8.29 - this might be a precursor for failed training. sometimes this happens because the generation kwargs are not correctly set. Please make sure that the generation kwargs are set correctly, or review your training hyperparameters.
  warnings.warn(
PPO_STEP 248/250 reward=1.896039 kl=-8.292210 best=2.725802
<repo>/paper_repro/compat/trl/trainer/ppo_trainer.py:1304: UserWarning: KL divergence is starting to become negative: -9.73 - this might be a precursor for failed training. sometimes this happens because the generation kwargs are not correctly set. Please make sure that the generation kwargs are set correctly, or review your training hyperparameters.
  warnings.warn(
PPO_STEP 249/250 reward=1.022148 kl=-9.730227 best=2.725802
<repo>/paper_repro/compat/trl/trainer/ppo_trainer.py:1237: UserWarning: The average ratio of batch (313701856416956484157641326592.00) exceeds threshold 5.00. Skipping batch.
  warnings.warn(
<repo>/paper_repro/compat/trl/trainer/ppo_trainer.py:1304: UserWarning: KL divergence is starting to become negative: -3.99 - this might be a precursor for failed training. sometimes this happens because the generation kwargs are not correctly set. Please make sure that the generation kwargs are set correctly, or review your training hyperparameters.
  warnings.warn(
PPO_STEP 250/250 reward=2.186183 kl=-3.993429 best=2.725802
[W730 02:04:42.746720283 AllocatorConfig.cpp:28] Warning: PYTORCH_CUDA_ALLOC_CONF is deprecated, use PYTORCH_ALLOC_CONF instead (function operator())
